list_date	action	fund_code	fund_name	company	inception_date	redemption_date	growth_quota_date	dividend_freq	tsumitate_target
20230621	追加	AY311189	ａｕスマート・ベーシック（安定）	ａｕアセットマネジメント株式会社	20180919		20240104	年1回	対象
20230621	追加	AY312189	ａｕスマート・ベーシック（安定成長）	ａｕアセットマネジメント株式会社	20180919		20240104	年1回	対象
20230621	追加	4431207B	ＢＮＰパリバ・ブラジル・ファンド（株式型）　	ＢＮＰパリバ・アセットマネジメント株式会社	20071116		20240104	年2回	非対象
20230621	追加	4431307B	ＢＮＰパリバ・ブラジル・ファンド（バランス型）　	ＢＮＰパリバ・アセットマネジメント株式会社	20071116		20240104	四半期	非対象
20230621	追加	1731798B	ＪＰＭアジア株・アクティブ・オープン	ＪＰモルガン・アセット・マネジメント株式会社	19981130		20240104	年2回	非対象
20230621	追加	17311951	ＪＰＭグローバル・ＣＢ・オープン’９５	ＪＰモルガン・アセット・マネジメント株式会社	19950131	20440130	20240104	年2回	非対象
20230621	追加	1731199C	ＪＰＭザ・ジャパン	ＪＰモルガン・アセット・マネジメント株式会社	19991215		20240104	年1回	非対象
20230621	追加	1731117A	ＪＰＭザ・ジャパン（年４回決算型）	ＪＰモルガン・アセット・マネジメント株式会社	20171010	20441214	20240104	四半期	非対象
20230621	追加	17311137	ＪＰＭジャパンマイスター	ＪＰモルガン・アセット・マネジメント株式会社	20130712	20440711	20240104	年1回	非対象
20230621	追加	17311134	ＪＰＭ北米高配当・成長株ファンド（為替ヘッジなし、３ヵ月決算型）	ＪＰモルガン・アセット・マネジメント株式会社	20130411	20440826	20240104	四半期	非対象
20230621	追加	17313134	ＪＰＭ北米高配当・成長株ファンド（為替ヘッジなし、年２回決算型）	ＪＰモルガン・アセット・マネジメント株式会社	20130411	20440826	20240104	年2回	非対象
20230621	追加	17312134	ＪＰＭ北米高配当・成長株ファンド（米ドル対円ヘッジあり、３ヵ月決算型）	ＪＰモルガン・アセット・マネジメント株式会社	20130411	20440826	20240104	四半期	非対象
20230621	追加	17314134	ＪＰＭ北米高配当・成長株ファンド（米ドル対円ヘッジあり、年２回決算型）	ＪＰモルガン・アセット・マネジメント株式会社	20130411	20440826	20240104	年2回	非対象
20230621	追加	17311019	ＪＰＭワールド・ＣＢ・オープン	ＪＰモルガン・アセット・マネジメント株式会社	20010928		20240104	年2回	非対象
20230621	追加	17313211	ＪＰモルガン・アメリカ成長株ファンド（為替ヘッジあり、年１回決算型）	ＪＰモルガン・アセット・マネジメント株式会社	20210125	20440125	20240104	年1回	非対象
20230621	追加	17311211	ＪＰモルガン・アメリカ成長株ファンド（為替ヘッジなし、年１回決算型）	ＪＰモルガン・アセット・マネジメント株式会社	20210125	20440125	20240104	年1回	非対象
20230621	追加	89312135	ＥＸＥ－ｉ　新興国株式ファンド	ＳＢＩアセットマネジメント株式会社	20130513		20240104	年1回	非対象
20230621	追加	89311135	ＥＸＥ－ｉ　先進国株式ファンド	ＳＢＩアセットマネジメント株式会社	20130513		20240104	年1回	非対象
20230621	追加	89319236	ＳＢＩ・ｉシェアーズ・ゴールドファンド（為替ヘッジあり）	ＳＢＩアセットマネジメント株式会社	20230608		20240104	年1回	非対象
20230621	追加	8931A236	ＳＢＩ・ｉシェアーズ・ゴールドファンド（為替ヘッジなし）	ＳＢＩアセットマネジメント株式会社	20230608		20240104	年1回	非対象
20230621	追加	89316236	ＳＢＩ・ｉシェアーズ・米国総合債券インデックス・ファンド	ＳＢＩアセットマネジメント株式会社	20230608		20240104	年1回	非対象
20230621	追加	8931B236	ＳＢＩ・ｉシェアーズ・米国短期国債ファンド	ＳＢＩアセットマネジメント株式会社	20230608		20240104	年1回	非対象
20230621	追加	89317236	ＳＢＩ・ｉシェアーズ・米国投資適格社債（１－５年）インデックス・ファンド	ＳＢＩアセットマネジメント株式会社	20230608		20240104	年1回	非対象
20230621	追加	89318236	ＳＢＩ・ｉシェアーズ・米国ハイイールド債券インデックス・ファンド	ＳＢＩアセットマネジメント株式会社	20230608		20240104	年1回	非対象
20230621	追加	89311223	ＳＢＩ・ｉシェアーズ・米国バランス（２資産均等型）	ＳＢＩアセットマネジメント株式会社	20220322		20240104	年1回	非対象
20230621	追加	89311199	ＳＢＩ・Ｖ・Ｓ＆Ｐ５００インデックス・ファンド　	ＳＢＩアセットマネジメント株式会社	20190926		20240104	年1回	対象
20230621	追加	89315236	ＳＢＩ・Ｖ・新興国株式インデックス・ファンド	ＳＢＩアセットマネジメント株式会社	20230608		20240104	年1回	非対象
20230621	追加	89313236	ＳＢＩ・Ｖ・世界小型株式（除く米国）インデックス・ファンド	ＳＢＩアセットマネジメント株式会社	20230608		20240104	年1回	非対象
20230621	追加	89312236	ＳＢＩ・Ｖ・先進国株式（除く米国）インデックス・ファンド	ＳＢＩアセットマネジメント株式会社	20230608		20240104	年1回	非対象
20230621	追加	89311221	ＳＢＩ・Ｖ・全世界株式インデックス・ファンド	ＳＢＩアセットマネジメント株式会社	20220131		20240104	年1回	対象
20230621	追加	89311216	ＳＢＩ・Ｖ・全米株式インデックス・ファンド	ＳＢＩアセットマネジメント株式会社	20210629		20240104	年1回	対象
20230621	追加	89312216	ＳＢＩ・Ｖ・米国高配当株式インデックス・ファンド	ＳＢＩアセットマネジメント株式会社	20210629		20240104	年1回	非対象
20230621	追加	89314236	ＳＢＩ・Ｖ・米国小型株式インデックス・ファンド	ＳＢＩアセットマネジメント株式会社	20230608		20240104	年1回	非対象
20230621	追加	89311236	ＳＢＩ・Ｖ・米国増配株式インデックス・ファンド	ＳＢＩアセットマネジメント株式会社	20230608		20240104	年1回	非対象
20230621	追加	8931117C	ＳＢＩ・新興国株式インデックス・ファンド	ＳＢＩアセットマネジメント株式会社	20171206		20240104	年1回	対象
20230621	追加	89311181	ＳＢＩ・先進国株式インデックス・ファンド	ＳＢＩアセットマネジメント株式会社	20180112		20240104	年1回	対象
20230621	追加	8931217C	ＳＢＩ・全世界株式インデックス・ファンド	ＳＢＩアセットマネジメント株式会社	20171206		20240104	年1回	対象
20230621	追加	89311217	ＳＢＩ・中国Ａ株インデックス・ファンド	ＳＢＩアセットマネジメント株式会社	20210730		20240104	年1回	非対象
20230621	追加	91311179	ＴＯＲＡＮＯＴＥＣアクティブジャパン	ＴＯＲＡＮＯＴＥＣ投信投資顧問株式会社	20170929		20240104	年1回	非対象
20230621	追加	91311174	トラノコ・ファンド　Ⅰ	ＴＯＲＡＮＯＴＥＣ投信投資顧問株式会社	20170424		20240104	年1回	非対象
20230621	追加	91312174	トラノコ・ファンド　Ⅱ	ＴＯＲＡＮＯＴＥＣ投信投資顧問株式会社	20170424		20240104	年1回	非対象
20230621	追加	91313174	トラノコ・ファンド　Ⅲ	ＴＯＲＡＮＯＴＥＣ投信投資顧問株式会社	20170424		20240104	年1回	非対象
20230621	追加	50311191	ＵＢＳ　ＭＳＣＩ先進国ＥＳＧ株式インデックス・ファンド	ＵＢＳアセット・マネジメント株式会社	20190129		20240104	年1回	非対象
20230621	追加	50311078	ＵＢＳ気候変動関連グローバル成長株式ファンド　　	ＵＢＳアセット・マネジメント株式会社	20070831		20240104	年1回	非対象
20230621	追加	50311215	ＵＢＳ気候変動関連グローバル成長株式ファンド（年４回決算・予想分配金提示型）	ＵＢＳアセット・マネジメント株式会社	20210521		20240104	四半期	非対象
20230621	追加	5031220A	ＵＢＳグローバルＤＸ株式ファンド（資産成長型）	ＵＢＳアセット・マネジメント株式会社	20201015		20240104	年1回	非対象
20230621	追加	5031222A	ＵＢＳサステナブル向上・コアバリュー株式ファンド	ＵＢＳアセット・マネジメント株式会社	20221031		20240104	年1回	非対象
20230621	追加	5031109A	ＵＢＳ次世代テクノロジー・ファンド　	ＵＢＳアセット・マネジメント株式会社	20091023		20240104	年2回	非対象
20230621	追加	50311099	ＵＢＳ中国Ａ株ファンド（年１回決算型）　	ＵＢＳアセット・マネジメント株式会社	20090918	20450925	20240104	年1回	非対象
20230621	追加	5031118A	ＵＢＳ中国Ａ株ファンド（年４回決算型）	ＵＢＳアセット・マネジメント株式会社	20181010	20450925	20240104	四半期	非対象
20230621	追加	50311075	ＵＢＳ中国株式ファンド	ＵＢＳアセット・マネジメント株式会社	20070508		20240104	年1回	非対象
20230621	追加	50312182	ＵＢＳ中国新時代株式ファンド（年１回決算型）	ＵＢＳアセット・マネジメント株式会社	20180209	20450227	20240104	年1回	非対象
20230621	追加	50311182	ＵＢＳ中国新時代株式ファンド（年２回決算型）	ＵＢＳアセット・マネジメント株式会社	20180209	20450227	20240104	年2回	非対象
20230621	追加	68315233	ＡＬＡＭＣＯ　ＥＴＦバランスファンド　安定型（投資一任専用）	朝日ライフ　アセットマネジメント株式会社	20230322		20240104	年1回	非対象
20230621	追加	68311233	ＡＬＡＭＣＯ　ＥＴＦバランスファンド　積極型（投資一任専用）	朝日ライフ　アセットマネジメント株式会社	20230322		20240104	年1回	非対象
20230621	追加	68313233	ＡＬＡＭＣＯ　ＥＴＦバランスファンド　中立型（投資一任専用）	朝日ライフ　アセットマネジメント株式会社	20230322		20240104	年1回	非対象
20230621	追加	68314233	ＡＬＡＭＣＯ　ＥＴＦバランスファンド　やや安定型（投資一任専用）	朝日ライフ　アセットマネジメント株式会社	20230322		20240104	年1回	非対象
20230621	追加	68312233	ＡＬＡＭＣＯ　ＥＴＦバランスファンド　やや積極型（投資一任専用）	朝日ライフ　アセットマネジメント株式会社	20230322		20240104	年1回	非対象
20230621	追加	6831121A	ＷＣＭ　世界成長株厳選ファンド（資産成長型）	朝日ライフ　アセットマネジメント株式会社	20211013		20240104	年1回	非対象
20230621	追加	68311003	朝日Ｎｖｅｓｔ　グローバル　バリュー株オープン	朝日ライフ　アセットマネジメント株式会社	20000324		20240104	年1回	非対象
20230621	追加	68311216	朝日Ｎｖｅｓｔ　グローバル　バリュー株オープン（資産成長型）	朝日ライフ　アセットマネジメント株式会社	20210625		20240104	年1回	非対象
20230621	追加	6831115C	朝日Ｎｖｅｓｔ　グローバル　バリュー株オープン（年４回決算型）	朝日ライフ　アセットマネジメント株式会社	20151216		20240104	四半期	非対象
20230621	追加	68311002	朝日Ｎｖｅｓｔ　グローバル　ボンドオープン	朝日ライフ　アセットマネジメント株式会社	20000225		20240104	年2回	非対象
20230621	追加	68311009	朝日ライフ　ＳＲＩ　社会貢献ファンド	朝日ライフ　アセットマネジメント株式会社	20000928		20240104	年1回	非対象
20230621	追加	68311997	朝日ライフ　クオンツ　日本株オープン	朝日ライフ　アセットマネジメント株式会社	19990702		20240104	年1回	非対象
20230621	追加	6831100B	朝日ライフ　日経平均ファンド	朝日ライフ　アセットマネジメント株式会社	20001130		20240104	年1回	対象
20230621	追加	6831199B	朝日ライフ　リサーチ　日本株オープン	朝日ライフ　アセットマネジメント株式会社	19991126		20240104	年1回	非対象
20230621	追加	68311133	朝日ライフ・ＭＳＣＩ・グローイング・アセアン株式ファンド	朝日ライフ　アセットマネジメント株式会社	20130327		20240104	四半期	非対象
20230621	追加	68311186	ハリス世界株ファンド（資産成長型）	朝日ライフ　アセットマネジメント株式会社	20180626		20240104	年1回	非対象
20230621	追加	6831120C	ミローバ　グローバル・サステナブル株式ファンド	朝日ライフ　アセットマネジメント株式会社	20201229		20240104	年1回	非対象
20230621	追加	47312179	ＡＩ（人工知能）活用型世界株ファンド	アセットマネジメントＯｎｅ株式会社	20170929	20470920	20240104	年1回	非対象
20230621	追加	4731513C	ＤＩＡＭ　Ｊ－ＲＥＩＴオープン（１年決算コース）	アセットマネジメントＯｎｅ株式会社	20131206	20490716	20240104	年1回	非対象
20230621	追加	47312042	ＤＩＡＭ　Ｊ－ＲＥＩＴオープン（２カ月決算コース）	アセットマネジメントＯｎｅ株式会社	20040227		20240104	隔月	非対象
20230621	追加	47314091	ＤＩＡＭ外国株式パッシブ・ファンド	アセットマネジメントＯｎｅ株式会社	20090130		20240104	年1回	非対象
20230621	追加	47315091	ＤＩＡＭ外国債券パッシブ・ファンド	アセットマネジメントＯｎｅ株式会社	20090130		20240104	年1回	非対象
20230621	追加	47311091	ＤＩＡＭ国内株式パッシブ・ファンド	アセットマネジメントＯｎｅ株式会社	20090130		20240104	年1回	非対象
20230621	追加	47312091	ＤＩＡＭ国内債券パッシブ・ファンド	アセットマネジメントＯｎｅ株式会社	20090130		20240104	年1回	非対象
20230621	追加	47313091	ＤＩＡＭコモディティパッシブ・ファンド	アセットマネジメントＯｎｅ株式会社	20090130		20240104	年1回	非対象
20230621	追加	4731398C	ＤＬ日本株式オープン	アセットマネジメントＯｎｅ株式会社	19981215		20240104	年1回	非対象
20230621	追加	4731198A	ＭＨＡＭ　ＴＯＰＩＸオープン	アセットマネジメントＯｎｅ株式会社	19981022		20240104	年1回	非対象
20230621	追加	4731285A	ＭＨＡＭ株式インデックスファンド２２５	アセットマネジメントＯｎｅ株式会社	19851025		20240104	年1回	非対象
20230621	追加	47311769	ＭＨＡＭ株式オープン	アセットマネジメントＯｎｅ株式会社	19760917		20240104	年1回	非対象
20230621	追加	47312002	ＭＨＡＭ新興成長株オープン	アセットマネジメントＯｎｅ株式会社	20000225		20240104	年1回	非対象
20230621	追加	4731399A	ＭＨＡＭ日本成長株オープン	アセットマネジメントＯｎｅ株式会社	19991022		20240104	年2回	非対象
20230621	追加	47311046	ＭＨＡＭ物価連動国債ファンド	アセットマネジメントＯｎｅ株式会社	20040601		20240104	年2回	非対象
20230621	追加	47314195	Ｏｎｅ　ＮＹダウ・インデックス・ファンド	アセットマネジメントＯｎｅ株式会社	20190529		20240104	年1回	非対象
20230621	追加	47314233	Ｏｎｅグローバル最適化バランス（安定型）＜ラップ向け＞	アセットマネジメントＯｎｅ株式会社	20230315		20240104	年1回	非対象
20230621	追加	47315233	Ｏｎｅグローバル最適化バランス（成長型）＜ラップ向け＞	アセットマネジメントＯｎｅ株式会社	20230315		20240104	年1回	非対象
20230621	追加	47312208	Ｏｎｅグローバル中小型長期成長株ファンド	アセットマネジメントＯｎｅ株式会社	20200817	20501220	20240104	年1回	非対象
20230621	追加	47312219	Ｏｎｅグローバルバランス	アセットマネジメントＯｎｅ株式会社	20210916	20510915	20240104	年1回	非対象
20230621	追加	4731119B	Ｏｎｅ高配当利回り厳選ジャパン	アセットマネジメントＯｎｅ株式会社	20191113		20240104	年1回	非対象
20230621	追加	47311008	Ｏｎｅ国内株オープン	アセットマネジメントＯｎｅ株式会社	20000830		20240104	年1回	非対象
20230621	追加	47313192	Ｏｎｅ国内株オープン（年２回決算型）	アセットマネジメントＯｎｅ株式会社	20190228		20240104	年2回	非対象
20230621	追加	47311167	Ｏｎｅニッポン債券オープン	アセットマネジメントＯｎｅ株式会社	20160701	20460618	20240104	年2回	非対象
20230621	追加	47311863	インデックス　マネジメント　ファンド　２２５	アセットマネジメントＯｎｅ株式会社	19860319		20240104	年1回	非対象
20230621	追加	47314135	海外消費関連日本株ファンド	アセットマネジメントＯｎｅ株式会社	20130531	20460525	20240104	年1回	非対象
20230621	追加	47313162	企業価値成長小型株ファンド	アセットマネジメントＯｎｅ株式会社	20160229	20460220	20240104	年2回	非対象
20230621	追加	47311187	きらぼし・みらい応援株式ファンド	アセットマネジメントＯｎｅ株式会社	20180731	20480903	20240104	年2回	非対象
20230621	追加	4731198C	グローバル・ボンド・ポート（Ｃコース）	アセットマネジメントＯｎｅ株式会社	19981210		20240104	年2回	非対象
20230621	追加	47313179	厳選ジャパン	アセットマネジメントＯｎｅ株式会社	20170929		20240104	年2回	非対象
20230621	追加	47317154	コア資産形成ファンド	アセットマネジメントＯｎｅ株式会社	20150420	20480508	20240104	年1回	非対象
20230621	追加	47313185	新興企業日本株ファンド（資産成長型）	アセットマネジメントＯｎｅ株式会社	20180518	20480917	20240104	年1回	非対象
20230621	追加	47313042	新光小型株オープン	アセットマネジメントＯｎｅ株式会社	20040202	20490201	20240104	年1回	非対象
20230621	追加	47311057	新光日本インカム株式ファンド（３ヵ月決算型）	アセットマネジメントＯｎｅ株式会社	20050729	20450728	20240104	四半期	非対象
20230621	追加	47314138	新光日本小型株ファンド	アセットマネジメントＯｎｅ株式会社	20130802	20480717	20240104	年1回	非対象
20230621	追加	47311179	世界ｅコマース関連株式オープン	アセットマネジメントＯｎｅ株式会社	20170907	20470722	20240104	年1回	非対象
20230621	追加	47319173	たわらノーロード　ＮＹダウ	アセットマネジメントＯｎｅ株式会社	20170321		20240104	年1回	対象
20230621	追加	47318233	たわらノーロード　Ｓ＆Ｐ５００	アセットマネジメントＯｎｅ株式会社	20230330		20240104	年1回	対象
20230621	追加	47317173	たわらノーロード　ＴＯＰＩＸ	アセットマネジメントＯｎｅ株式会社	20170321		20240104	年1回	対象
20230621	追加	4731915C	たわらノーロード　国内債券	アセットマネジメントＯｎｅ株式会社	20151218		20240104	年1回	非対象
20230621	追加	4731A15C	たわらノーロード　国内リート	アセットマネジメントＯｎｅ株式会社	20151218		20240104	年1回	非対象
20230621	追加	47314181	たわらノーロード　最適化バランス（安定型）	アセットマネジメントＯｎｅ株式会社	20180124		20240104	年1回	対象
20230621	追加	47315181	たわらノーロード　最適化バランス（安定成長型）	アセットマネジメントＯｎｅ株式会社	20180124		20240104	年1回	対象
20230621	追加	47316181	たわらノーロード　最適化バランス（成長型）	アセットマネジメントＯｎｅ株式会社	20180124		20240104	年1回	対象
20230621	追加	47317181	たわらノーロード　最適化バランス（積極型）	アセットマネジメントＯｎｅ株式会社	20180124		20240104	年1回	対象
20230621	追加	47313181	たわらノーロード　最適化バランス（保守型）	アセットマネジメントＯｎｅ株式会社	20180124		20240104	年1回	対象
20230621	追加	47311163	たわらノーロード　新興国株式	アセットマネジメントＯｎｅ株式会社	20160314		20240104	年1回	対象
20230621	追加	4731B15C	たわらノーロード　先進国株式	アセットマネジメントＯｎｅ株式会社	20151218		20240104	年1回	対象
20230621	追加	4731116A	たわらノーロード　先進国株式＜為替ヘッジあり＞	アセットマネジメントＯｎｅ株式会社	20161003		20240104	年1回	対象
20230621	追加	4731C15C	たわらノーロード　先進国債券	アセットマネジメントＯｎｅ株式会社	20151218		20240104	年1回	非対象
20230621	追加	4731216A	たわらノーロード　先進国債券＜為替ヘッジあり＞	アセットマネジメントＯｎｅ株式会社	20161003		20240104	年1回	非対象
20230621	追加	4731D15C	たわらノーロード　先進国リート	アセットマネジメントＯｎｅ株式会社	20151218		20240104	年1回	非対象
20230621	追加	47318173	たわらノーロード　先進国リート＜為替ヘッジあり＞	アセットマネジメントＯｎｅ株式会社	20170321		20240104	年1回	非対象
20230621	追加	47312197	たわらノーロード　全世界株式	アセットマネジメントＯｎｅ株式会社	20190722		20240104	年1回	対象
20230621	追加	4731815C	たわらノーロード　日経２２５	アセットマネジメントＯｎｅ株式会社	20151207		20240104	年1回	対象
20230621	追加	47313177	たわらノーロード　バランス（８資産均等型）	アセットマネジメントＯｎｅ株式会社	20170728		20240104	年1回	対象
20230621	追加	4731317B	たわらノーロード　バランス（堅実型）	アセットマネジメントＯｎｅ株式会社	20171108		20240104	年1回	対象
20230621	追加	4731517B	たわらノーロード　バランス（積極型）	アセットマネジメントＯｎｅ株式会社	20171108		20240104	年1回	対象
20230621	追加	4731417B	たわらノーロード　バランス（標準型）	アセットマネジメントＯｎｅ株式会社	20171108		20240104	年1回	対象
20230621	追加	47313986	ドルマネーファンド	アセットマネジメントＯｎｅ株式会社	19980619		20240104	四半期	非対象
20230621	追加	47311988	日経２２５ノーロードオープン	アセットマネジメントＯｎｅ株式会社	19980821		20240104	年1回	非対象
20230621	追加	47316102	日本債券ファンド	アセットマネジメントＯｎｅ株式会社	20100216	20441110	20240104	年1回	非対象
20230621	追加	4731A154	日本３資産ファンド（年１回決算型）	アセットマネジメントＯｎｅ株式会社	20150420	20481210	20240104	年1回	非対象
20230621	追加	4731216C	日本厳選中小型株ファンド	アセットマネジメントＯｎｅ株式会社	20161209	20461207	20240104	年1回	非対象
20230621	追加	4731499C	ファンド“メガ・テック”	アセットマネジメントＯｎｅ株式会社	19991206		20240104	年2回	非対象
20230621	追加	47311172	米国インフラ関連株式ファンド＜為替ヘッジあり＞	アセットマネジメントＯｎｅ株式会社	20170217	20470218	20240104	年2回	非対象
20230621	追加	47312172	米国インフラ関連株式ファンド＜為替ヘッジなし＞	アセットマネジメントＯｎｅ株式会社	20170217	20470218	20240104	年2回	非対象
20230621	追加	47311105	マネックス資産設計ファンド　エボリューション	アセットマネジメントＯｎｅ株式会社	20100528	20450111	20240104	年1回	非対象
20230621	追加	47312071	マネックス資産設計ファンド＜育成型＞	アセットマネジメントＯｎｅ株式会社	20070126		20240104	年1回	非対象
20230621	追加	47311071	マネックス資産設計ファンド＜隔月分配型＞	アセットマネジメントＯｎｅ株式会社	20070126		20240104	隔月	非対象
20230621	追加	47317138	みずほ　Ｊ－ＲＥＩＴ　ファンド（年１回決算型）	アセットマネジメントＯｎｅ株式会社	20130819	20480610	20240104	年1回	非対象
20230621	追加	47311161	未来変革日本株ファンド	アセットマネジメントＯｎｅ株式会社	20160129	20460426	20240104	年2回	非対象
20230621	追加	39311987	アライアンス・バーンスタイン・グローバル・グロース・オポチュニティーズ（年２回決算型）	アライアンス・バーンスタイン株式会社	19980731		20240104	年2回	非対象
20230621	追加	39311058	アライアンス・バーンスタイン・新興国成長株投信Ａコ－ス（為替ヘッジあり）	アライアンス・バーンスタイン株式会社	20050817	20440829	20240104	年1回	非対象
20230621	追加	39312058	アライアンス・バーンスタイン・新興国成長株投信Ｂコース（為替ヘッジなし）	アライアンス・バーンスタイン株式会社	20050817	20440829	20240104	年1回	非対象
20230621	追加	39311065	アライアンス・バーンスタイン・米国成長株投信Ａコース（為替ヘッジあり）	アライアンス・バーンスタイン株式会社	20060525	20440615	20240104	年2回	非対象
20230621	追加	39312065	アライアンス・バーンスタイン・米国成長株投信Ｂコース（為替ヘッジなし）	アライアンス・バーンスタイン株式会社	20060525	20440615	20240104	年2回	非対象
20230621	追加	39312236	アライアンス・バーンスタイン・米国割安株投信（隔月決算・予想分配金提示型）	アライアンス・バーンスタイン株式会社	20230616	20440516	20240104	隔月	非対象
20230621	追加	39311236	アライアンス・バーンスタイン・米国割安株投信（年２回決算型）	アライアンス・バーンスタイン株式会社	20230616	20440516	20240104	年2回	非対象
20230621	追加	90311049	ありがとうファンド	ありがとう投信株式会社	20040901		20240104	年1回	非対象
20230621	追加	8331106B	イーストスプリング・インド・インフラ株式ファンド	イーストスプリング・インベストメンツ株式会社	20061108		20240104	年2回	非対象
20230621	追加	83311049	イーストスプリング・インド株式オープン	イーストスプリング・インベストメンツ株式会社	20040930		20240104	年1回	非対象
20230621	追加	8331107C	イーストスプリング・インド株式ファンド（３ヵ月決算型）	イーストスプリング・インベストメンツ株式会社	20071218		20240104	四半期	非対象
20230621	追加	83311154	イーストスプリング・インド公益インフラ債券ファンド（年２回決算型）	イーストスプリング・インベストメンツ株式会社	20150410		20240104	年2回	非対象
20230621	追加	83311085	イーストスプリング・インド消費関連ファンド	イーストスプリング・インベストメンツ株式会社	20080530		20240104	年2回	非対象
20230621	追加	8331109B	イーストスプリング・インドネシア株式オープン	イーストスプリング・インベストメンツ株式会社	20091130		20240104	年2回	非対象
20230621	追加	83311182	イーストスプリング・インドネシア債券オープン（年２回決算型）	イーストスプリング・インベストメンツ株式会社	20180228		20240104	年2回	非対象
20230621	追加	83311076	イーストスプリング・グローイング・アジア株式オープン	イーストスプリング・インベストメンツ株式会社	20070629		20240104	年2回	非対象
20230621	追加	83311148	イーストスプリング・ジャパン中小型厳選バリュー株ファンド	イーストスプリング・インベストメンツ株式会社	20140808		20240104	年1回	非対象
20230621	追加	83311129	イーストスプリング・フィリピン株式オープン	イーストスプリング・インベストメンツ株式会社	20120928		20240104	年2回	非対象
20230621	追加	83312165	イーストスプリングＵＳ投資適格債ファンド・為替ヘッジ付（年２回決算型）	イーストスプリング・インベストメンツ株式会社	20160510		20240104	年2回	非対象
20230621	追加	18315201	ＥＳＧ欧州株式オープン（ラップ向け）	インベスコ・アセット・マネジメント株式会社	20200107		20240104	年1回	非対象
20230621	追加	18314201	ＥＳＧ米国株式オープン（ラップ向け）	インベスコ・アセット・マネジメント株式会社	20200107		20240104	年1回	非対象
20230621	追加	18316201	医療関連世界株式オープン（ラップ向け）	インベスコ・アセット・マネジメント株式会社	20200107		20240104	年1回	非対象
20230621	追加	1831118A	インベスコ　世界厳選株式オープン＜為替ヘッジあり＞（年１回決算型）	インベスコ・アセット・マネジメント株式会社	20181005		20240104	年1回	非対象
20230621	追加	1831218A	インベスコ　世界厳選株式オープン＜為替ヘッジなし＞（年１回決算型）	インベスコ・アセット・マネジメント株式会社	20181005		20240104	年1回	非対象
20230621	追加	18311222	インベスコ　世界消費関連成長株ファンド　Ａコース（為替ヘッジあり）	インベスコ・アセット・マネジメント株式会社	20220208		20240104	年1回	非対象
20230621	追加	18312222	インベスコ　世界消費関連成長株ファンド　Ｂコース（為替ヘッジなし）	インベスコ・アセット・マネジメント株式会社	20220208		20240104	年1回	非対象
20230621	追加	18311197	インベスコ　世界ブロックチェーン株式ファンド	インベスコ・アセット・マネジメント株式会社	20190711		20240104	年1回	非対象
20230621	追加	1831193C	インベスコ　店頭・成長株オープン	インベスコ・アセット・マネジメント株式会社	19931229		20240104	年1回	非対象
20230621	追加	18313201	クオリティ企業先進国株式オープン（ラップ向け）	インベスコ・アセット・マネジメント株式会社	20200107		20240104	年1回	非対象
20230621	追加	1831119C	国内債券インデックス・オープン（ラップ向け）	インベスコ・アセット・マネジメント株式会社	20191216		20240104	年1回	非対象
20230621	追加	1831219C	国内リートインデックス・オープン（ラップ向け）	インベスコ・アセット・マネジメント株式会社	20191216		20240104	年1回	非対象
20230621	追加	18311201	自社株買い企業世界株式オープン（ラップ向け）	インベスコ・アセット・マネジメント株式会社	20200107		20240104	年1回	非対象
20230621	追加	1831919C	新興国債券インデックス・オープン（ラップ向け）	インベスコ・アセット・マネジメント株式会社	20191216		20240104	年1回	非対象
20230621	追加	1831319C	先進国株式インデックス・オープン＜為替ヘッジあり＞（ラップ向け）	インベスコ・アセット・マネジメント株式会社	20191216		20240104	年1回	非対象
20230621	追加	1831419C	先進国株式インデックス・オープン＜為替ヘッジなし＞（ラップ向け）	インベスコ・アセット・マネジメント株式会社	20191216		20240104	年1回	非対象
20230621	追加	1831519C	先進国債券インデックス・オープン＜為替ヘッジあり＞（ラップ向け）	インベスコ・アセット・マネジメント株式会社	20191216		20240104	年1回	非対象
20230621	追加	1831619C	先進国債券インデックス・オープン＜為替ヘッジなし＞（ラップ向け）	インベスコ・アセット・マネジメント株式会社	20191216		20240104	年1回	非対象
20230621	追加	1831719C	先進国リートインデックス・オープン＜為替ヘッジあり＞（ラップ向け）	インベスコ・アセット・マネジメント株式会社	20191216		20240104	年1回	非対象
20230621	追加	1831819C	先進国リートインデックス・オープン＜為替ヘッジなし＞（ラップ向け）	インベスコ・アセット・マネジメント株式会社	20191216		20240104	年1回	非対象
20230621	追加	18317201	長寿社会世界株式オープン（ラップ向け）	インベスコ・アセット・マネジメント株式会社	20200107		20240104	年1回	非対象
20230621	追加	18318201	デジタル社会世界株式オープン（ラップ向け）	インベスコ・アセット・マネジメント株式会社	20200107		20240104	年1回	非対象
20230621	追加	18312201	連続増配企業世界株式オープン（ラップ向け）	インベスコ・アセット・マネジメント株式会社	20200107		20240104	年1回	非対象
20230621	追加	18319201	ロボティクス世界株式オープン（ラップ向け）	インベスコ・アセット・マネジメント株式会社	20200107		20240104	年1回	非対象
20230621	追加	AA311134	みのりの投信	株式会社ポートフォリア	20130430		20240104	年1回	非対象
20230621	追加	9Q311103	結い２１０１	鎌倉投信株式会社	20100329		20240104	年1回	対象
20230621	追加	9Y31813A	２１世紀東京　日本株式ファンド	カレラアセットマネジメント株式会社	20131030	20531015	20240104	年2回	非対象
20230621	追加	9Y311219	アジア　サプライチェーン株式ファンド	カレラアセットマネジメント株式会社	20210929	20530920	20240104	四半期	非対象
20230621	追加	9Y315134	オランダ株式ファンド	カレラアセットマネジメント株式会社	20130423	20530415	20240104	年2回	非対象
20230621	追加	9Y313132	カレラ　Ｊリートファンド	カレラアセットマネジメント株式会社	20130227	20530217	20240104	四半期	非対象
20230621	追加	9Y319165	カレラ　日本小型株式ファンド	カレラアセットマネジメント株式会社	20160531	20530515	20240104	年2回	非対象
20230621	追加	9Y312222	カレラＢＥＶ関連株ファンド	カレラアセットマネジメント株式会社	20220225	20530220	20240104	四半期	非対象
20230621	追加	9Y315202	カレラ改日本株式ファンド	カレラアセットマネジメント株式会社	20200227	20530220	20240104	四半期	非対象
20230621	追加	9Y313228	カレラ成長日本列島株式ファンド	カレラアセットマネジメント株式会社	20220826	20530825	20240104	四半期	非対象
20230621	追加	9Y314199	グローバル医薬品株式ファンド	カレラアセットマネジメント株式会社	20190930	20530925	20240104	隔月	非対象
20230621	追加	9Y317204	ニュー・ニッチ　日本小型株ファンド	カレラアセットマネジメント株式会社	20200420	20530415	20240104	年2回	非対象
20230621	追加	9Y318164	フィリピン株式ファンド	カレラアセットマネジメント株式会社	20160426	20530425	20240104	年2回	非対象
20230621	追加	9Y319212	ブラジル株式ファンド	カレラアセットマネジメント株式会社	20210225	20530217	20240104	四半期	非対象
20230621	追加	9Y311143	フランス株式ファンド	カレラアセットマネジメント株式会社	20140318	20530317	20240104	年2回	非対象
20230621	追加	9Y316203	未来の光　日本小型株式ファンド	カレラアセットマネジメント株式会社	20200323	20530317	20240104	年2回	非対象
20230621	追加	9Y314133	メキシコ株式ファンド	カレラアセットマネジメント株式会社	20130326	20530317	20240104	年2回	非対象
20230621	追加	9Y314229	ゆたか観光立国日本株式ファンド	カレラアセットマネジメント株式会社	20220921	20530920	20240104	年1回	非対象
20230621	追加	3531298C	ＧＳ　・日本株ファンド（自動けいぞく）（愛称：牛若丸（自動けいぞく））　	ゴールドマン・サックス・アセット・マネジメント株式会社	19981228		20240104	年1回	非対象
20230621	追加	35311172	ＧＳ　グローバル・ビッグデータ投資戦略　Ａコース（為替ヘッジあり）	ゴールドマン・サックス・アセット・マネジメント株式会社	20170224		20240104	年1回	非対象
20230621	追加	35312172	ＧＳ　グローバル・ビッグデータ投資戦略　Ｂコース（為替ヘッジなし）	ゴールドマン・サックス・アセット・マネジメント株式会社	20170224		20240104	年1回	非対象
20230621	追加	35311218	ＧＳ　グローバル環境リーダーズ　年２回決算コース	ゴールドマン・サックス・アセット・マネジメント株式会社	20210826		20240104	年2回	非対象
20230621	追加	35311004	ＧＳ　日本小型株ファンド　　	ゴールドマン・サックス・アセット・マネジメント株式会社	20000428		20240104	年2回	非対象
20230621	追加	35312156	ＧＳ　日本フォーカス・グロース　年２回決算コース	ゴールドマン・サックス・アセット・マネジメント株式会社	20150617		20240104	年2回	非対象
20230621	追加	3531317C	ＧＳ　ビッグデータ・ストラテジー（エマージング株）	ゴールドマン・サックス・アセット・マネジメント株式会社	20171212		20240104	年2回	非対象
20230621	追加	35311177	ＧＳ　ビッグデータ・ストラテジー（日本株）	ゴールドマン・サックス・アセット・マネジメント株式会社	20170705		20240104	年2回	非対象
20230621	追加	35311174	ＧＳ　ビッグデータ・ストラテジー（米国小型株）　Ａコース（為替ヘッジあり）	ゴールドマン・サックス・アセット・マネジメント株式会社	20170407		20240104	年2回	非対象
20230621	追加	35312174	ＧＳ　ビッグデータ・ストラテジー（米国小型株）　Ｂコース（為替ヘッジなし）	ゴールドマン・サックス・アセット・マネジメント株式会社	20170407		20240104	年2回	非対象
20230621	追加	35311163	ＧＳ　米国成長株集中投資ファンド　年２回決算コース	ゴールドマン・サックス・アセット・マネジメント株式会社	20160315		20240104	年2回	非対象
20230621	追加	35312229	ＧＳグローバル・リアルアセット・ファンド（為替ヘッジなし）	ゴールドマン・サックス・アセット・マネジメント株式会社	20220928		20240104	年2回	非対象
20230621	追加	35311229	ＧＳグローバル・リアルアセット・ファンド（限定為替ヘッジ）	ゴールドマン・サックス・アセット・マネジメント株式会社	20220928		20240104	年2回	非対象
20230621	追加	35311202	ＧＳフューチャー・テクノロジー・リーダーズ　Ａコース（限定為替ヘッジ）　	ゴールドマン・サックス・アセット・マネジメント株式会社	20200225		20240104	年2回	非対象
20230621	追加	35312202	ＧＳフューチャー・テクノロジー・リーダーズ　Ｂコース（為替ヘッジなし）	ゴールドマン・サックス・アセット・マネジメント株式会社	20200225		20240104	年2回	非対象
20230621	追加	3531199B	ｎｅｔＷＩＮ　ＧＳテクノロジー株式ファンド　Ａコース（為替ヘッジあり）　　	ゴールドマン・サックス・アセット・マネジメント株式会社	19991129		20240104	年2回	非対象
20230621	追加	3531299B	ｎｅｔＷＩＮ　ＧＳテクノロジー株式ファンド　Ｂコース（為替ヘッジなし）　　	ゴールドマン・サックス・アセット・マネジメント株式会社	19991129		20240104	年2回	非対象
20230621	追加	9N31114C	コモンズ３０＋しずぎんファンド	コモンズ投信株式会社	20141229		20240104	年1回	非対象
20230621	追加	9N311091	コモンズ３０ファンド	コモンズ投信株式会社	20090119		20240104	年1回	対象
20230621	追加	9N31113C	ザ・２０２０ビジョン	コモンズ投信株式会社	20131227		20240104	年1回	非対象
20230621	追加	71311998	さわかみファンド	さわかみ投信株式会社	19990824		20240104	年1回	非対象
20230621	追加	20314074	シュローダー・エマージング株式ファンド（１年決算型）	シュローダー・インベストメント・マネジメント株式会社	20070427		20240104	年1回	非対象
20230621	追加	20313074	シュローダー・エマージング株式ファンド（３ヵ月決算型）	シュローダー・インベストメント・マネジメント株式会社	20070427		20240104	四半期	非対象
20230621	追加	20312215	シュローダー・グローバル・リートＥＳＧフォーカス・ファンド（資産成長型）	シュローダー・インベストメント・マネジメント株式会社	20210525		20240104	年1回	非対象
20230621	追加	20312061	シュローダーＢＩＣｓ株式ファンド	シュローダー・インベストメント・マネジメント株式会社	20060131		20240104	四半期	非対象
20230621	追加	2031398C	シュローダー日本株式オープン	シュローダー・インベストメント・マネジメント株式会社	19981201		20240104	年1回	非対象
20230621	追加	20311982	シュローダー日本ファンド	シュローダー・インベストメント・マネジメント株式会社	19980227		20240104	年2回	非対象
20230621	追加	AI311197	グローバル株式ファンド	スカイオーシャン・アセットマネジメント株式会社	20190731		20240104	年1回	対象
20230621	追加	AI311201	世界成長スマートファンド	スカイオーシャン・アセットマネジメント株式会社	20200131		20240104	年1回	非対象
20230621	追加	AI311231	日米連続好配当株式ファンド	スカイオーシャン・アセットマネジメント株式会社	20230126		20240104	年1回	非対象
20230621	追加	AI311217	みらいコネクトファンド	スカイオーシャン・アセットマネジメント株式会社	20210713		20240104	年1回	非対象
20230621	追加	55311224	ステート・ストリート世界厳選成長株ファンド	ステート・ストリート・グローバル・アドバイザーズ株式会社	20220425		20240104	年1回	非対象
20230621	追加	55311179	全世界株式インデックス・ファンド	ステート・ストリート・グローバル・アドバイザーズ株式会社	20170908		20240104	年1回	対象
20230621	追加	55312179	米国株式インデックス・ファンド	ステート・ストリート・グローバル・アドバイザーズ株式会社	20170929		20240104	年1回	対象
20230621	追加	96311073	セゾン・グローバルバランスファンド	セゾン投信株式会社	20070315		20240104	年1回	対象
20230621	追加	96312073	セゾン資産形成の達人ファンド	セゾン投信株式会社	20070315		20240104	年1回	対象
20230621	追加	96311222	セゾン共創日本ファンド	セゾン投信株式会社	20220201		20240104	年1回	非対象
20230621	追加	04313183	ＦＡＮＧ＋インデックス・オープン	大和アセットマネジメント株式会社	20180305		20240104	年1回	非対象
20230621	追加	0431X169	ｉＦｒｅｅ　８資産バランス	大和アセットマネジメント株式会社	20160908		20240104	年1回	対象
20230621	追加	0431O169	ｉＦｒｅｅ　ＪＰＸ日経４００インデックス	大和アセットマネジメント株式会社	20160908		20240104	年1回	対象
20230621	追加	0431V169	ｉＦｒｅｅ　Ｊ－ＲＥＩＴインデックス	大和アセットマネジメント株式会社	20160908		20240104	年1回	非対象
20230621	追加	0431Q169	ｉＦｒｅｅ　ＮＹダウ・インデックス	大和アセットマネジメント株式会社	20160908		20240104	年1回	対象
20230621	追加	04318178	ｉＦｒｅｅ　Ｓ＆Ｐ５００インデックス	大和アセットマネジメント株式会社	20170831		20240104	年1回	対象
20230621	追加	0431N169	ｉＦｒｅｅ　ＴＯＰＩＸインデックス	大和アセットマネジメント株式会社	20160908		20240104	年1回	対象
20230621	追加	0431W169	ｉＦｒｅｅ　外国ＲＥＩＴインデックス	大和アセットマネジメント株式会社	20160908		20240104	年1回	非対象
20230621	追加	04319178	ｉＦｒｅｅ　外国株式インデックス（為替ヘッジあり）	大和アセットマネジメント株式会社	20170831		20240104	年1回	対象
20230621	追加	0431P169	ｉＦｒｅｅ　外国株式インデックス（為替ヘッジなし）	大和アセットマネジメント株式会社	20160908		20240104	年1回	対象
20230621	追加	0431T169	ｉＦｒｅｅ　外国債券インデックス	大和アセットマネジメント株式会社	20160908		20240104	年1回	非対象
20230621	追加	0431R169	ｉＦｒｅｅ　新興国株式インデックス	大和アセットマネジメント株式会社	20160908		20240104	年1回	対象
20230621	追加	0431U169	ｉＦｒｅｅ　新興国債券インデックス	大和アセットマネジメント株式会社	20160908		20240104	年1回	非対象
20230621	追加	0431M169	ｉＦｒｅｅ　日経２２５インデックス	大和アセットマネジメント株式会社	20160908		20240104	年1回	対象
20230621	追加	0431S169	ｉＦｒｅｅ　日本債券インデックス	大和アセットマネジメント株式会社	20160908		20240104	年1回	非対象
20230621	追加	04314181	ｉＦｒｅｅＡｃｔｉｖｅ　ＥＶ	大和アセットマネジメント株式会社	20180131	20500128	20240104	年1回	非対象
20230621	追加	04312211	ｉＦｒｅｅＮＥＸＴ　ＮＡＳＤＡＱ次世代５０	大和アセットマネジメント株式会社	20210113		20240104	年1回	非対象
20230621	追加	04316235	ｉＦｒｅｅＰｌｕｓ　米国配当王（資産成長型）	大和アセットマネジメント株式会社	20230524		20240104	年2回	非対象
20230621	追加	04317235	ｉＦｒｅｅＰｌｕｓ　米国配当王（年４回決算型）	大和アセットマネジメント株式会社	20230524		20240104	四半期	非対象
20230621	追加	0431118B	ＮＷＱグローバル厳選証券ファンド（為替ヘッジあり／隔月分配型）	大和アセットマネジメント株式会社	20181116	20500916	20240104	隔月	非対象
20230621	追加	0431318B	ＮＷＱグローバル厳選証券ファンド（為替ヘッジあり／資産成長型）	大和アセットマネジメント株式会社	20181116	20500916	20240104	年2回	非対象
20230621	追加	0431218B	ＮＷＱグローバル厳選証券ファンド（為替ヘッジなし／隔月分配型）	大和アセットマネジメント株式会社	20181116	20500916	20240104	隔月	非対象
20230621	追加	0431418B	ＮＷＱグローバル厳選証券ファンド（為替ヘッジなし／資産成長型）	大和アセットマネジメント株式会社	20181116	20500916	20240104	年2回	非対象
20230621	追加	0431198B	アクティブ・ニッポン	大和アセットマネジメント株式会社	19981120		20240104	年1回	非対象
20230621	追加	04312215	ウォルター・スコット優良成長企業ファンド（資産成長型）	大和アセットマネジメント株式会社	20210518	20500517	20240104	年2回	非対象
20230621	追加	04311202	クリーンテック株式＆グリーンボンド・ファンド（資産成長型）	大和アセットマネジメント株式会社	20200218	20500511	20240104	年2回	非対象
20230621	追加	04312202	クリーンテック株式＆グリーンボンド・ファンド（予想分配金提示型）	大和アセットマネジメント株式会社	20200218	20500511	20240104	年2回	非対象
20230621	追加	04311207	クリーンテック株式ファンド（資産成長型）	大和アセットマネジメント株式会社	20200731	20500511	20240104	年2回	非対象
20230621	追加	04311237	グローバル・ライフ株式ファンド（資産成長型）	大和アセットマネジメント株式会社	20230714	20500621	20240104	年2回	非対象
20230621	追加	04312237	グローバル・ライフ株式ファンド（予想分配金提示型）	大和アセットマネジメント株式会社	20230714	20500621	20240104	四半期	非対象
20230621	追加	0431419A	グローバル・リート・インデックスファンド（資産形成型）	大和アセットマネジメント株式会社	20191031		20240104	年2回	非対象
20230621	追加	04313142	ジャパン・エクセレント	大和アセットマネジメント株式会社	20140220	20500121	20240104	年2回	非対象
20230621	追加	0431199C	新世代成長株ファンド	大和アセットマネジメント株式会社	19991215	20501214	20240104	年1回	非対象
20230621	追加	04311859	ストックインデックスファンド２２５	大和アセットマネジメント株式会社	19850920		20240104	年1回	非対象
20230621	追加	0431320C	世界インフラ戦略ファンド（為替ヘッジなし／資産成長型）	大和アセットマネジメント株式会社	20201221	20501220	20240104	年2回	非対象
20230621	追加	04311194	世界セレクティブ株式オープン	大和アセットマネジメント株式会社	20190417	20500425	20240104	年1回	非対象
20230621	追加	0431A207	世界セレクティブ株式オープン（為替ヘッジあり／年１回決算型）	大和アセットマネジメント株式会社	20200731	20500425	20240104	年1回	非対象
20230621	追加	04319207	世界セレクティブ株式オープン（為替ヘッジあり／年２回決算型）	大和アセットマネジメント株式会社	20200731	20500425	20240104	年2回	非対象
20230621	追加	04313202	世界セレクティブ株式オープン（年２回決算型）	大和アセットマネジメント株式会社	20200203	20500425	20240104	年2回	非対象
20230621	追加	0431F13C	ダイワ・ＵＳ－ＲＥＩＴ・オープン（年１回決算型）為替ヘッジあり	大和アセットマネジメント株式会社	20131220	20500916	20240104	年1回	非対象
20230621	追加	0431C138	ダイワ・ＵＳ－ＲＥＩＴ・オープン（年１回決算型）為替ヘッジなし	大和アセットマネジメント株式会社	20130822	20500916	20240104	年1回	非対象
20230621	追加	04312086	ダイワ・インド株ファンド	大和アセットマネジメント株式会社	20080613	20500607	20240104	四半期	非対象
20230621	追加	04312174	ダイワ・グローバルＩｏＴ関連株ファンド　－ＡＩ新時代－　（為替ヘッジあり）	大和アセットマネジメント株式会社	20170421	20500413	20240104	年2回	非対象
20230621	追加	04313174	ダイワ・グローバルＩｏＴ関連株ファンド　－ＡＩ新時代－　（為替ヘッジなし）	大和アセットマネジメント株式会社	20170421	20500413	20240104	年2回	非対象
20230621	追加	0431321B	ダイワ・グローバルＲＥＩＴ・オープン（為替ヘッジあり／資産成長型）	大和アセットマネジメント株式会社	20211115		20240104	年2回	非対象
20230621	追加	0431221B	ダイワ・グローバルＲＥＩＴ・オープン（為替ヘッジなし／資産成長型）	大和アセットマネジメント株式会社	20211115		20240104	年2回	非対象
20230621	追加	0431307C	ダイワ・ダイナミック・インド株ファンド	大和アセットマネジメント株式会社	20071226		20240104	年2回	非対象
20230621	追加	0431201C	ダイワ・チャイナ・ファンド	大和アセットマネジメント株式会社	20011214		20240104	年1回	非対象
20230621	追加	04311002	ダイワ・バリュー株・オープン	大和アセットマネジメント株式会社	20000210		20240104	年2回	非対象
20230621	追加	04312083	ダイワ・ブラジル株式ファンド	大和アセットマネジメント株式会社	20080328		20240104	四半期	非対象
20230621	追加	04313056	ダイワ・ライフ・バランス３０	大和アセットマネジメント株式会社	20050606		20240104	年1回	対象
20230621	追加	04314056	ダイワ・ライフ・バランス５０	大和アセットマネジメント株式会社	20050606		20240104	年1回	対象
20230621	追加	04315056	ダイワ・ライフ・バランス７０	大和アセットマネジメント株式会社	20050606		20240104	年1回	対象
20230621	追加	04311167	ダイワＦＥグローバル・バリュー（為替ヘッジあり）	大和アセットマネジメント株式会社	20160701	20500519	20240104	年2回	非対象
20230621	追加	04312167	ダイワＦＥグローバル・バリュー（為替ヘッジなし）	大和アセットマネジメント株式会社	20160701	20500519	20240104	年2回	非対象
20230621	追加	04314141	ダイワＪＰＸ日経４００ファンド	大和アセットマネジメント株式会社	20140106		20240104	年1回	非対象
20230621	追加	0431103B	ダイワＪ－ＲＥＩＴオープン	大和アセットマネジメント株式会社	20031114		20240104	四半期	非対象
20230621	追加	0431513C	ダイワＪ－ＲＥＩＴオープン（年１回決算型）	大和アセットマネジメント株式会社	20131209		20240104	年1回	非対象
20230621	追加	04313207	ダイワＳｏｃｉｅｔｙ　５．０関連株ファンド（資産成長型）	大和アセットマネジメント株式会社	20200720	20500719	20240104	年2回	非対象
20230621	追加	04314065	ダイワ金融新時代ファンド	大和アセットマネジメント株式会社	20060530	20500516	20240104	年2回	非対象
20230621	追加	04313057	ダイワ好配当日本株投信（季節点描）	大和アセットマネジメント株式会社	20050711	20500715	20240104	四半期	非対象
20230621	追加	0431E137	ダイワ高格付カナダドル債オープン（年１回決算型）	大和アセットマネジメント株式会社	20130729	20500510	20240104	年1回	非対象
20230621	追加	04311057	ダイワ日本好配当株ファンド	大和アセットマネジメント株式会社	20050720	20500715	20240104	四半期	非対象
20230621	追加	0431D137	ダイワ日本国債ファンド（年１回決算型）	大和アセットマネジメント株式会社	20130726	20500310	20240104	年1回	非対象
20230621	追加	04311217	脱炭素テクノロジー株式ファンド	大和アセットマネジメント株式会社	20210712	20500711	20240104	年2回	非対象
20230621	追加	0431188A	トピックス・インデックスファンド	大和アセットマネジメント株式会社	19881028		20240104	年1回	非対象
20230621	追加	0431122C	ドラッカー研究所米国株ファンド（資産成長型）	大和アセットマネジメント株式会社	20221220		20240104	年2回	非対象
20230621	追加	0431A152	日本株発掘ファンド	大和アセットマネジメント株式会社	20150224	20500121	20240104	四半期	非対象
20230621	追加	04311139	日本物価連動国債ファンド	大和アセットマネジメント株式会社	20130905	20500909	20240104	年2回	非対象
20230621	追加	04311039	ハイグレード・オセアニア・ボンド・オープン（３カ月決算型）	大和アセットマネジメント株式会社	20030917		20240104	四半期	非対象
20230621	追加	0431A138	ハイグレード・オセアニア・ボンド・オープン（年１回決算型）	大和アセットマネジメント株式会社	20130822	20500513	20240104	年1回	非対象
20230621	追加	0431208A	ハイグレード・オセアニア・ボンド・オープン（年２回決算型）	大和アセットマネジメント株式会社	20081027		20240104	年2回	非対象
20230621	追加	04316219	フード＆テクノロジー関連株式ファンド（資産成長型）	大和アセットマネジメント株式会社	20210927	20500729	20240104	年2回	非対象
20230621	追加	04317138	ブラジル・ボンド・オープン（年１回決算型）	大和アセットマネジメント株式会社	20130809	20500425	20240104	年1回	非対象
20230621	追加	0431608B	ブラジル・ボンド・オープン（年２回決算型）	大和アセットマネジメント株式会社	20081126		20240104	年2回	非対象
20230621	追加	0431122A	米国株式インデックス（Ｓ＆Ｐ５００）	大和アセットマネジメント株式会社	20221003		20240104	年1回	非対象
20230621	追加	0431C136	米国国債ファンド　為替ヘッジあり（年１回決算型）	大和アセットマネジメント株式会社	20130627	20500325	20240104	年1回	非対象
20230621	追加	0431D136	米国国債ファンド　為替ヘッジなし（年１回決算型）	大和アセットマネジメント株式会社	20130627	20500325	20240104	年1回	非対象
20230621	追加	0431216C	ベトナム株ファンド	大和アセットマネジメント株式会社	20161226	20500524	20240104	年2回	非対象
20230621	追加	04313213	ポーレン米国グロース株式ファンド（資産成長型）	大和アセットマネジメント株式会社	20210329	20500328	20240104	年2回	非対象
20230621	追加	04311227	モルガン・スタンレー　インフラ株式ファンド（為替ヘッジあり／資産成長型）	大和アセットマネジメント株式会社	20220711	20500708	20240104	年2回	非対象
20230621	追加	04312227	モルガン・スタンレー　インフラ株式ファンド（為替ヘッジなし／資産成長型）	大和アセットマネジメント株式会社	20220711	20500708	20240104	年2回	非対象
20230621	追加	0431105A	大和ストックインデックス２２５ファンド	大和アセットマネジメント株式会社	20051003		20240104	年1回	非対象
20230621	追加	0431115C	ロボット・テクノロジー関連株ファンド　－ロボテック－	大和アセットマネジメント株式会社	20151207	20500913	20240104	年2回	非対象
20230621	追加	0431Z169	ロボット・テクノロジー関連株ファンド　－ロボテック－（為替ヘッジあり）	大和アセットマネジメント株式会社	20160930	20500913	20240104	年2回	非対象
20230621	追加	04318162	ロボット・テクノロジー関連株ファンド（年１回決算型）　－ロボテック（年１回）－	大和アセットマネジメント株式会社	20160208	20500913	20240104	年1回	非対象
20230621	追加	0431116L	ロボット・テクノロジー関連株ファンド（年１回決算型）　－ロボテック（年１回）－（為替ヘッジあり）	大和アセットマネジメント株式会社	20160930	20500913	20240104	年1回	非対象
20230621	追加	4931108C	ダイヤセレクト日本株オープン	東京海上アセットマネジメント株式会社	20081226	20441020	20240104	年2回	非対象
20230621	追加	49311026	東海３県ファンド	東京海上アセットマネジメント株式会社	20020628		20240104	年1回	非対象
20230621	追加	49311204	東京海上・インド・オーナーズ株式オープン	東京海上アセットマネジメント株式会社	20200408	20440307	20240104	年1回	非対象
20230621	追加	49311194	東京海上・宇宙関連株式ファンド（為替ヘッジあり）	東京海上アセットマネジメント株式会社	20190409	20440707	20240104	年2回	非対象
20230621	追加	49311189	東京海上・宇宙関連株式ファンド（為替ヘッジなし）	東京海上アセットマネジメント株式会社	20180912	20440707	20240104	年2回	非対象
20230621	追加	4931317A	東京海上・円資産インデックスバランスファンド	東京海上アセットマネジメント株式会社	20171011		20240104	年1回	対象
20230621	追加	4931114B	東京海上・円資産バランスファンド（年１回決算型）	東京海上アセットマネジメント株式会社	20141110		20240104	年1回	非対象
20230621	追加	49312105	東京海上・円建て投資適格債券ファンド（年２回決算型）	東京海上アセットマネジメント株式会社	20100528		20240104	年2回	非対象
20230621	追加	4931121A	東京海上・気候変動対応株式ファンド（為替ヘッジあり）	東京海上アセットマネジメント株式会社	20211004	20440810	20240104	年2回	非対象
20230621	追加	4931221A	東京海上・気候変動対応株式ファンド（為替ヘッジなし）	東京海上アセットマネジメント株式会社	20211004	20440810	20240104	年2回	非対象
20230621	追加	49312176	東京海上・グローバルペット関連株式ファンド（為替ヘッジあり）	東京海上アセットマネジメント株式会社	20170630	20441012	20240104	四半期	非対象
20230621	追加	49311176	東京海上・グローバルペット関連株式ファンド（為替ヘッジなし）	東京海上アセットマネジメント株式会社	20170630	20441012	20240104	四半期	非対象
20230621	追加	4931416A	東京海上・グローバルヘルスケアＲＥＩＴオープン（為替ヘッジあり）（年１回決算型）	東京海上アセットマネジメント株式会社	20161019	20441018	20240104	年1回	非対象
20230621	追加	4931215B	東京海上・グローバルヘルスケアＲＥＩＴオープン（年１回決算型）	東京海上アセットマネジメント株式会社	20151113	20441018	20240104	年1回	非対象
20230621	追加	49312216	東京海上・再生可能エネルギー・インカム戦略ファンド（年１回決算型）	東京海上アセットマネジメント株式会社	20210615	20441115	20240104	年1回	非対象
20230621	追加	49311134	東京海上・ジャパン・オーナーズ株式オープン	東京海上アセットマネジメント株式会社	20130425	20440118	20240104	年2回	非対象
20230621	追加	4931421A	東京海上・ジャパン・オーナーズ株式オープン（予想分配金提示型）	東京海上アセットマネジメント株式会社	20211020	20440118	20240104	四半期	非対象
20230621	追加	4931122A	東京海上・世界モノポリー戦略株式ファンド（年１回決算型）	東京海上アセットマネジメント株式会社	20221020	20440715	20240104	年1回	非対象
20230621	追加	4931116A	東京海上・日経２２５インデックスファンド	東京海上アセットマネジメント株式会社	20161027		20240104	年1回	対象
20230621	追加	49311138	東京海上・ニッポン世界債券ファンド（為替ヘッジあり）（年１回決算型）	東京海上アセットマネジメント株式会社	20130821	20441118	20240104	年1回	非対象
20230621	追加	49311157	東京海上・年金運用型戦略ファンド（年１回決算型）	東京海上アセットマネジメント株式会社	20150717		20240104	年1回	非対象
20230621	追加	4931222B	東京海上・物価対応バランスファンド（年１回決算型）	東京海上アセットマネジメント株式会社	20221117	20441115	20240104	年1回	非対象
20230621	追加	49313233	東京海上・米国短期国債ファンド（年１回決算型）	東京海上アセットマネジメント株式会社	20230313	20440308	20240104	年1回	非対象
20230621	追加	49311187	東京海上・ベトナム株式ファンド（年１回決算型）	東京海上アセットマネジメント株式会社	20180727	20441122	20240104	年1回	非対象
20230621	追加	49311186	東京海上・ベトナム株式ファンド（年４回決算型）	東京海上アセットマネジメント株式会社	20180615	20441122	20240104	四半期	非対象
20230621	追加	49313104	東京海上セレクション・外国株式インデックス	東京海上アセットマネジメント株式会社	20100428		20240104	年1回	対象
20230621	追加	49314019	東京海上セレクション・日本株ＴＯＰＩＸ	東京海上アセットマネジメント株式会社	20010925		20240104	年1回	対象
20230621	追加	4931104B	東京海上セレクション・物価連動国債	東京海上アセットマネジメント株式会社	20041117		20240104	年1回	非対象
20230621	追加	49311199	東京海上ターゲット・イヤー・ファンド２０３５	東京海上アセットマネジメント株式会社	20190920		20240104	年1回	対象
20230621	追加	49312199	東京海上ターゲット・イヤー・ファンド２０４５	東京海上アセットマネジメント株式会社	20190920		20240104	年1回	対象
20230621	追加	49313199	東京海上ターゲット・イヤー・ファンド２０５５	東京海上アセットマネジメント株式会社	20190920		20240104	年1回	対象
20230621	追加	49314199	東京海上ターゲット・イヤー・ファンド２０６５	東京海上アセットマネジメント株式会社	20190920		20240104	年1回	対象
20230621	追加	29311177	ＤＣニッセイワールドセレクトファンド（安定型）	ニッセイアセットマネジメント株式会社	20170714		20240104	年1回	対象
20230621	追加	29313031	ＤＣニッセイワールドセレクトファンド（株式重視型）	ニッセイアセットマネジメント株式会社	20030110		20240104	年1回	対象
20230621	追加	29311031	ＤＣニッセイワールドセレクトファンド（債券重視型）	ニッセイアセットマネジメント株式会社	20030110		20240104	年1回	対象
20230621	追加	29312031	ＤＣニッセイワールドセレクトファンド（標　準　型）	ニッセイアセットマネジメント株式会社	20030110		20240104	年1回	対象
20230621	追加	2931821B	グローバル・デジタルヘルスケア株式ファンド（年１回決算型・為替ヘッジあり）	ニッセイアセットマネジメント株式会社	20211119	20441118	20240104	年1回	非対象
20230621	追加	2931921B	グローバル・デジタルヘルスケア株式ファンド（年１回決算型・為替ヘッジなし）	ニッセイアセットマネジメント株式会社	20211119	20441118	20240104	年1回	非対象
20230621	追加	2931A21B	グローバル・デジタルヘルスケア株式ファンド（年２回決算型・為替ヘッジあり）	ニッセイアセットマネジメント株式会社	20211119	20441118	20240104	年2回	非対象
20230621	追加	2931B21B	グローバル・デジタルヘルスケア株式ファンド（年２回決算型・為替ヘッジなし）	ニッセイアセットマネジメント株式会社	20211119	20441118	20240104	年2回	非対象
20230621	追加	29312176	げんせん投信	ニッセイアセットマネジメント株式会社	20170602		20240104	年1回	非対象
20230621	追加	29311987	ニッセイ／パトナム・インカムオープン	ニッセイアセットマネジメント株式会社	19980731		20240104	四半期	非対象
20230621	追加	2931517B	ニッセイ・インデックスパッケージ（国内・株式／リート／債券）	ニッセイアセットマネジメント株式会社	20171117		20240104	年1回	対象
20230621	追加	2931217B	ニッセイ・インデックスパッケージ（内外・株式）	ニッセイアセットマネジメント株式会社	20171117		20240104	年1回	対象
20230621	追加	2931317B	ニッセイ・インデックスパッケージ（内外・株式／リート）	ニッセイアセットマネジメント株式会社	20171117		20240104	年1回	対象
20230621	追加	2931417B	ニッセイ・インデックスパッケージ（内外・株式／リート／債券）	ニッセイアセットマネジメント株式会社	20171117		20240104	年1回	対象
20230621	追加	29312223	ニッセイ・メタバースワールド（資産成長型）	ニッセイアセットマネジメント株式会社	20220331	20440810	20240104	年1回	非対象
20230621	追加	29316126	ニッセイ・ワールドスポーツ・ファンド－メダリスト－Ａコース（為替ヘッジあり）	ニッセイアセットマネジメント株式会社	20120619	20440620	20240104	年1回	非対象
20230621	追加	29317126	ニッセイ・ワールドスポーツ・ファンド－メダリスト－Ｂコース（為替ヘッジなし）	ニッセイアセットマネジメント株式会社	20120619	20440620	20240104	年1回	非対象
20230621	追加	2931416B	ニッセイＡＩ関連株式ファンド（為替ヘッジあり）	ニッセイアセットマネジメント株式会社	20161130	20441025	20240104	年1回	非対象
20230621	追加	2931516B	ニッセイＡＩ関連株式ファンド（為替ヘッジなし）	ニッセイアセットマネジメント株式会社	20161130	20441025	20240104	年1回	非対象
20230621	追加	29311181	ニッセイＡＩ関連株式ファンド（年２回決算型・為替ヘッジあり）	ニッセイアセットマネジメント株式会社	20180110	20441025	20240104	年2回	非対象
20230621	追加	29312181	ニッセイＡＩ関連株式ファンド（年２回決算型・為替ヘッジなし）	ニッセイアセットマネジメント株式会社	20180110	20441025	20240104	年2回	非対象
20230621	追加	29311142	ニッセイＪＰＸ日経４００アクティブファンド	ニッセイアセットマネジメント株式会社	20140220	20440125	20240104	年2回	非対象
20230621	追加	29311163	ニッセイＪＰＸ日経４００アクティブファンド（資産成長型）	ニッセイアセットマネジメント株式会社	20160301	20440125	20240104	年1回	非対象
20230621	追加	2931313A	ニッセイＪ－ＲＥＩＴファンド（年１回決算型）	ニッセイアセットマネジメント株式会社	20131021	20441114	20240104	年1回	非対象
20230621	追加	29313136	ニッセイＪリートオープン（年１回決算型）	ニッセイアセットマネジメント株式会社	20130624	20440512	20240104	年1回	非対象
20230621	追加	2931321C	ニッセイＳＤＧｓインカムファンド（資産成長型・為替ヘッジあり）	ニッセイアセットマネジメント株式会社	20211220	20440315	20240104	年1回	非対象
20230621	追加	2931421C	ニッセイＳＤＧｓインカムファンド（資産成長型・為替ヘッジなし）	ニッセイアセットマネジメント株式会社	20211220	20440315	20240104	年1回	非対象
20230621	追加	2931521C	ニッセイＳＤＧｓインカムファンド（予想分配金提示型・為替ヘッジあり）	ニッセイアセットマネジメント株式会社	20211220	20440315	20240104	隔月	非対象
20230621	追加	2931621C	ニッセイＳＤＧｓインカムファンド（予想分配金提示型・為替ヘッジなし）	ニッセイアセットマネジメント株式会社	20211220	20440315	20240104	隔月	非対象
20230621	追加	2931A185	ニッセイＳＤＧｓグローバルセレクトファンド（資産成長型・為替ヘッジあり）	ニッセイアセットマネジメント株式会社	20180528	20441215	20240104	年1回	非対象
20230621	追加	29318185	ニッセイＳＤＧｓグローバルセレクトファンド（年２回決算型・為替ヘッジあり）	ニッセイアセットマネジメント株式会社	20180528	20441215	20240104	年2回	非対象
20230621	追加	29319185	ニッセイＳＤＧｓグローバルセレクトファンド（年２回決算型・為替ヘッジなし）	ニッセイアセットマネジメント株式会社	20180528	20441215	20240104	年2回	非対象
20230621	追加	29316182	ニッセイＳＤＧｓジャパンセレクトファンド（資産成長型）	ニッセイアセットマネジメント株式会社	20180228	20441215	20240104	年1回	非対象
20230621	追加	29315182	ニッセイＳＤＧｓジャパンセレクトファンド（年２回決算型）	ニッセイアセットマネジメント株式会社	20180228	20441215	20240104	年2回	非対象
20230621	追加	29311014	ニッセイＴＯＰＩＸオープン	ニッセイアセットマネジメント株式会社	20010427		20240104	年1回	対象
20230621	追加	29314137	ニッセイアメリカ高配当株ファンド（年２回決算型）	ニッセイアセットマネジメント株式会社	20130710	20440628	20240104	年2回	非対象
20230621	追加	2931318B	ニッセイ宇宙関連グローバル株式ファンド（資産成長型・為替ヘッジあり）	ニッセイアセットマネジメント株式会社	20181102	20441025	20240104	年1回	非対象
20230621	追加	2931418B	ニッセイ宇宙関連グローバル株式ファンド（資産成長型・為替ヘッジなし）	ニッセイアセットマネジメント株式会社	20181102	20441025	20240104	年1回	非対象
20230621	追加	2931118B	ニッセイ宇宙関連グローバル株式ファンド（年２回決算型・為替ヘッジあり）	ニッセイアセットマネジメント株式会社	20181102	20441025	20240104	年2回	非対象
20230621	追加	2931218B	ニッセイ宇宙関連グローバル株式ファンド（年２回決算型・為替ヘッジなし）	ニッセイアセットマネジメント株式会社	20181102	20441025	20240104	年2回	非対象
20230621	追加	29314214	ニッセイ気候変動関連グローバル株式ファンド（資産成長型）	ニッセイアセットマネジメント株式会社	20210426	20440425	20240104	年1回	非対象
20230621	追加	29311084	ニッセイ健康応援ファンド	ニッセイアセットマネジメント株式会社	20080425		20240104	年1回	非対象
20230621	追加	29315176	ニッセイ豪州ハイ・インカム株式ファンド（資産成長型）	ニッセイアセットマネジメント株式会社	20170630	20440530	20240104	年2回	非対象
20230621	追加	2931613A	ニッセイ世界リートオープン（年２回決算型）	ニッセイアセットマネジメント株式会社	20131031	20440425	20240104	年2回	非対象
20230621	追加	29313148	ニッセイ短期インド債券ファンド（年２回決算型）	ニッセイアセットマネジメント株式会社	20140829	20440115	20240104	年2回	非対象
20230621	追加	29311041	ニッセイ日経２２５インデックスファンド	ニッセイアセットマネジメント株式会社	20040128		20240104	年1回	対象
20230621	追加	29312138	ニッセイ日本インカムオープン（年１回決算型）	ニッセイアセットマネジメント株式会社	20130826	20440920	20240104	年1回	非対象
20230621	追加	29311033	ニッセイ日本勝ち組ファンド	ニッセイアセットマネジメント株式会社	20030325		20240104	年1回	非対象
20230621	追加	29312066	ニッセイ日本勝ち組ファンド（３ヵ月決算型）	ニッセイアセットマネジメント株式会社	20060628		20240104	四半期	非対象
20230621	追加	29312195	ニッセイ日本株ＥＳＧフォーカスファンド（資産成長型）	ニッセイアセットマネジメント株式会社	20190508	20441125	20240104	年1回	非対象
20230621	追加	29311195	ニッセイ日本株ＥＳＧフォーカスファンド（年２回決算型）	ニッセイアセットマネジメント株式会社	20190508	20441125	20240104	年2回	非対象
20230621	追加	29311002	ニッセイ日本株グロースオープン	ニッセイアセットマネジメント株式会社	20000225		20240104	年2回	非対象
20230621	追加	2931101C	ニッセイ日本株ファンド	ニッセイアセットマネジメント株式会社	20011226		20240104	年1回	対象
20230621	追加	B431119C	農林中金＜パートナーズ＞おおぶねＪＡＰＡＮ（日本選抜）	農林中金バリューインベストメンツ株式会社	20191220		20240104	年1回	非対象
20230621	追加	B4311203	農林中金＜パートナーズ＞おおぶねグローバル（長期厳選）	農林中金バリューインベストメンツ株式会社	20200319		20240104	年1回	非対象
20230621	追加	01317141	Ｊ－ＲＥＩＴオープン（資産成長型）	野村アセットマネジメント株式会社	20140127		20240104	年2回	非対象
20230621	追加	01313052	Ｊ－ＲＥＩＴオープン（年４回決算型）	野村アセットマネジメント株式会社	20050221		20240104	四半期	非対象
20230621	追加	01311872	株式インデックス　２２５	野村アセットマネジメント株式会社	19870218		20240104	年1回	非対象
20230621	追加	01311056	好配当日本株式　オープン	野村アセットマネジメント株式会社	20050624		20240104	四半期	非対象
20230621	追加	01312185	世界６資産分散ファンド	野村アセットマネジメント株式会社	20180515		20240104	年1回	対象
20230621	追加	0131204B	世界好配当株投信	野村アセットマネジメント株式会社	20041126		20240104	四半期	非対象
20230621	追加	0131168C	積立て株式ファンド	野村アセットマネジメント株式会社	19681225		20240104	年1回	非対象
20230621	追加	01311889	トピックス・インデックス・オープン	野村アセットマネジメント株式会社	19880930		20240104	年1回	非対象
20230621	追加	01311054	日本好配当株投信	野村アセットマネジメント株式会社	20050415		20240104	四半期	非対象
20230621	追加	01311962	ノムラ・ジャパン・オープン	野村アセットマネジメント株式会社	19960228		20240104	年2回	非対象
20230621	追加	01312179	野村６資産均等バランス	野村アセットマネジメント株式会社	20170919		20240104	年1回	対象
20230621	追加	01311143	野村インデックスファンド・ＪＰＸ日経４００	野村アセットマネジメント株式会社	20140307		20240104	年1回	対象
20230621	追加	0131C10B	野村インデックスファンド・Ｊ－ＲＥＩＴ	野村アセットマネジメント株式会社	20101126		20240104	年1回	非対象
20230621	追加	0131610B	野村インデックスファンド・ＴＯＰＩＸ	野村アセットマネジメント株式会社	20101126		20240104	年1回	対象
20230621	追加	01313139	野村インデックスファンド・内外７資産バランス・為替ヘッジ型	野村アセットマネジメント株式会社	20130912		20240104	年1回	対象
20230621	追加	01316139	野村インデックスファンド・海外５資産バランス	野村アセットマネジメント株式会社	20130912		20240104	年1回	対象
20230621	追加	0131410B	野村インデックスファンド・外国株式	野村アセットマネジメント株式会社	20101126		20240104	年1回	対象
20230621	追加	01314135	野村インデックスファンド・外国株式・為替ヘッジ型	野村アセットマネジメント株式会社	20130507		20240104	年1回	対象
20230621	追加	0131910B	野村インデックスファンド・外国債券	野村アセットマネジメント株式会社	20101126		20240104	年1回	非対象
20230621	追加	0131A10B	野村インデックスファンド・国内債券	野村アセットマネジメント株式会社	20101126		20240104	年1回	非対象
20230621	追加	0131310B	野村インデックスファンド・新興国株式	野村アセットマネジメント株式会社	20101126		20240104	年1回	対象
20230621	追加	01311211	野村インデックスファンド・先進国ＥＳＧ株式	野村アセットマネジメント株式会社	20210121		20240104	年1回	非対象
20230621	追加	0131510B	野村インデックスファンド・日経２２５	野村アセットマネジメント株式会社	20101126		20240104	年1回	対象
20230621	追加	01311171	野村インデックスファンド・米国株式配当貴族	野村アセットマネジメント株式会社	20170110		20240104	年1回	対象
20230621	追加	01312171	野村インデックスファンド・米国株式配当貴族・為替ヘッジ型	野村アセットマネジメント株式会社	20170110		20240104	年1回	対象
20230621	追加	01319203	野村スリーゼロ先進国株式投信	野村アセットマネジメント株式会社	20200316		20240104	年1回	対象
20230621	追加	0131317A	野村つみたて外国株投信	野村アセットマネジメント株式会社	20171002		20240104	年1回	対象
20230621	追加	0131217A	野村つみたて日本株投信	野村アセットマネジメント株式会社	20171002		20240104	年1回	対象
20230621	追加	01311083	野村日本債券インデックスファンド	野村アセットマネジメント株式会社	20080303		20240104	四半期	非対象
20230621	追加	0131113B	野村米国ハイ・イールド・ファンド（年１回決算型）	野村アセットマネジメント株式会社	20131115		20240104	年1回	非対象
20230621	追加	0131213B	野村米国ハイ・イールド・ファンド（年１回決算型）為替ヘッジあり	野村アセットマネジメント株式会社	20131115		20240104	年1回	非対象
20230621	追加	0131103A	野村リアルグロース・オープン	野村アセットマネジメント株式会社	20031030		20240104	年1回	非対象
20230621	追加	0131100B	米国ＮＡＳＤＡＱオープンＡコース	野村アセットマネジメント株式会社	20001129		20240104	年2回	非対象
20230621	追加	0131200B	米国ＮＡＳＤＡＱオープンＢコース	野村アセットマネジメント株式会社	20001129		20240104	年2回	非対象
20230621	追加	0131392A	リサーチ・アクティブ・オープン	野村アセットマネジメント株式会社	19921030		20240104	年2回	非対象
20230621	追加	AB31114B	ＭＡＳＡＭＩＴＳＵ日本株戦略ファンド	ファイブスター投信投資顧問株式会社	20141127		20240104	年1回	非対象
20230621	追加	AB311219	長期資産形成戦略ファンド	ファイブスター投信投資顧問株式会社	20210930		20240104	年1回	非対象
20230621	追加	AB311234	ファイブスター日経２２５ニュートラルファンド	ファイブスター投信投資顧問株式会社	20230421		20240104	年1回	非対象
20230621	追加	AB311171	ベトナム・ロータス・ファンド	ファイブスター投信投資顧問株式会社	20170120		20240104	年1回	非対象
20230621	追加	32313169	フィデリティ・Ｊリート・アクティブ・ファンド（資産成長型）	フィデリティ投信株式会社	20160927		20240104	年1回	非対象
20230621	追加	32311136	フィデリティ・ＵＳリート・ファンド（資産成長型）Ｃ（為替ヘッジあり）	フィデリティ投信株式会社	20130619		20240104	年1回	非対象
20230621	追加	32312136	フィデリティ・ＵＳリート・ファンド（資産成長型）Ｄ（為替ヘッジなし）	フィデリティ投信株式会社	20130619		20240104	年1回	非対象
20230621	追加	32313984	フィデリティ・欧州株・ファンド	フィデリティ投信株式会社	19980401		20240104	年1回	対象
20230621	追加	32311965	フィデリティ・欧州中小型株・オープンＡコース（為替ヘッジ付き）	フィデリティ投信株式会社	19960531		20240104	年2回	非対象
20230621	追加	32312965	フィデリティ・欧州中小型株・オープンＢコース（為替ヘッジなし）	フィデリティ投信株式会社	19960531		20240104	年2回	非対象
20230621	追加	32311233	フィデリティ・グロース・オポチュニティＡコース（為替ヘッジあり）	フィデリティ投信株式会社	20230329		20240104	年1回	非対象
20230621	追加	32312233	フィデリティ・グロース・オポチュニティＢコース（為替ヘッジなし）	フィデリティ投信株式会社	20230329		20240104	年1回	非対象
20230621	追加	32311184	フィデリティ・グローバル株式ファンド（為替ヘッジあり）	フィデリティ投信株式会社	20180427		20240104	年1回	非対象
20230621	追加	32312184	フィデリティ・グローバル株式ファンド（為替ヘッジなし）	フィデリティ投信株式会社	20180427		20240104	年1回	非対象
20230621	追加	3231195C	フィデリティ・ジャパン・オープン	フィデリティ投信株式会社	19951222		20240104	年2回	非対象
20230621	追加	32311135	フィデリティ・ストラテジック・インカム・ファンド（資産成長型）Ｃコース（為替ヘッジ付き）	フィデリティ投信株式会社	20130508		20240104	年1回	非対象
20230621	追加	32312135	フィデリティ・ストラテジック・インカム・ファンド（資産成長型）Ｄコース（為替ヘッジなし）	フィデリティ投信株式会社	20130508		20240104	年1回	非対象
20230621	追加	32311203	フィデリティ・世界割安成長株投信Ａコース（為替ヘッジあり）	フィデリティ投信株式会社	20200323		20240104	年1回	非対象
20230621	追加	32312203	フィデリティ・世界割安成長株投信Ｂコース（為替ヘッジなし）	フィデリティ投信株式会社	20200323		20240104	年1回	非対象
20230621	追加	32312209	フィデリティ・ターゲット・デート・ファンド（ベーシック）２０４５	フィデリティ投信株式会社	20200928	20460925	20240104	年1回	対象
20230621	追加	3231114A	フィデリティ・ターゲット・デート・ファンド（ベーシック）２０５０	フィデリティ投信株式会社	20141016	20510925	20240104	年1回	対象
20230621	追加	32313209	フィデリティ・ターゲット・デート・ファンド（ベーシック）２０５５	フィデリティ投信株式会社	20200928	20560925	20240104	年1回	対象
20230621	追加	32311189	フィデリティ・ターゲット・デート・ファンド（ベーシック）２０６０	フィデリティ投信株式会社	20180926	20610926	20240104	年1回	対象
20230621	追加	32312222	フィデリティ・ターゲット・デート・ファンド（ベーシック）２０６５	フィデリティ投信株式会社	20220228	20660927	20240104	年1回	対象
20230621	追加	32313222	フィデリティ・ターゲット・デート・ファンド（ベーシック）２０７０	フィデリティ投信株式会社	20220228	20710925	20240104	年1回	対象
20230621	追加	32311228	フィデリティ・脱炭素日本株・ファンド	フィデリティ投信株式会社	20220830		20240104	年1回	非対象
20230621	追加	3231199B	フィデリティ・テクノロジー厳選株式ファンド	フィデリティ投信株式会社	19991119		20240104	年1回	非対象
20230621	追加	32311984	フィデリティ・日本成長株・ファンド	フィデリティ投信株式会社	19980401		20240104	年1回	非対象
20230621	追加	32311022	フィデリティ・日本バリュー・ファンド	フィデリティ投信株式会社	20020228		20240104	年1回	非対象
20230621	追加	32312185	フィデリティ・米国株式ファンドＡコース（資産成長型・為替ヘッジあり）	フィデリティ投信株式会社	20180522		20240104	年1回	非対象
20230621	追加	32313185	フィデリティ・米国株式ファンドＢコース（資産成長型・為替ヘッジなし）	フィデリティ投信株式会社	20180522		20240104	年1回	非対象
20230621	追加	32314984	フィデリティ・米国優良株・ファンド	フィデリティ投信株式会社	19980401		20240104	年1回	対象
20230621	追加	3231116C	フィデリティ世界医療機器関連株ファンド（為替ヘッジあり）	フィデリティ投信株式会社	20161220		20240104	年2回	非対象
20230621	追加	3231216C	フィデリティ世界医療機器関連株ファンド（為替ヘッジなし）	フィデリティ投信株式会社	20161220		20240104	年2回	非対象
20230621	追加	32311218	フィデリティ世界バリュー株式ファンドＡコース（年２回決算・為替ヘッジあり）	フィデリティ投信株式会社	20210810		20240104	年2回	非対象
20230621	追加	32312218	フィデリティ世界バリュー株式ファンドＢコース（年２回決算・為替ヘッジなし）	フィデリティ投信株式会社	20210810		20240104	年2回	非対象
20230621	追加	9K31319A	マニュライフ・円ハイブリッド債券インカム・ファンド（３ヵ月決算型）	マニュライフ・インベストメント・マネジメント株式会社	20191025		20240104	四半期	非対象
20230621	追加	9K31419A	マニュライフ・円ハイブリッド債券インカム・ファンド（年１回決算型）	マニュライフ・インベストメント・マネジメント株式会社	20191025		20240104	年1回	非対象
20230621	追加	9K311092	マニュライフ・カナダ株式ファンド	マニュライフ・インベストメント・マネジメント株式会社	20090223		20240104	四半期	非対象
20230621	追加	9K31314B	マニュライフ・新グローバル配当株ファンド（年２回決算型）	マニュライフ・インベストメント・マネジメント株式会社	20141128		20240104	年2回	非対象
20230621	追加	9K31115B	マニュライフ・米国銀行株式ファンド	マニュライフ・インベストメント・マネジメント株式会社	20151120		20240104	四半期	非対象
20230621	追加	9K311187	マニュライフ・米国銀行株式ファンド（資産成長型）	マニュライフ・インベストメント・マネジメント株式会社	20180709		20240104	年1回	非対象
20230621	追加	9K31317B	マニュライフ・米国投資適格債券戦略ファンド　Ｃコース（為替ヘッジあり・年２回）	マニュライフ・インベストメント・マネジメント株式会社	20171130		20240104	年2回	非対象
20230621	追加	9K31417B	マニュライフ・米国投資適格債券戦略ファンド　Ｄコース（為替ヘッジなし・年２回）	マニュライフ・インベストメント・マネジメント株式会社	20171130		20240104	年2回	非対象
20230621	追加	AL31118C	ＭＳＶグローバル資産配分ファンドⅠ（保守型）	マネックス・アセットマネジメント株式会社	20181207		20240104	年1回	非対象
20230621	追加	AL31218C	ＭＳＶグローバル資産配分ファンドⅡ（安定型）	マネックス・アセットマネジメント株式会社	20181207		20240104	年1回	非対象
20230621	追加	AL31318C	ＭＳＶグローバル資産配分ファンドⅢ（安定成長型）	マネックス・アセットマネジメント株式会社	20181207		20240104	年1回	非対象
20230621	追加	AL31418C	ＭＳＶグローバル資産配分ファンドⅣ（成長型）	マネックス・アセットマネジメント株式会社	20181207		20240104	年1回	非対象
20230621	追加	AL31518C	ＭＳＶグローバル資産配分ファンドⅤ（積極成長型）	マネックス・アセットマネジメント株式会社	20181207		20240104	年1回	非対象
20230621	追加	AL311166	ＭＳＶ内外ＥＴＦ資産配分ファンド（Ａコース）	マネックス・アセットマネジメント株式会社	20160610		20240104	年1回	非対象
20230621	追加	AL312166	ＭＳＶ内外ＥＴＦ資産配分ファンド（Ｂコース）	マネックス・アセットマネジメント株式会社	20160610		20240104	年1回	非対象
20230621	追加	AL313166	ＭＳＶ内外ＥＴＦ資産配分ファンド（Ｃコース）	マネックス・アセットマネジメント株式会社	20160610		20240104	年1回	非対象
20230621	追加	AL314166	ＭＳＶ内外ＥＴＦ資産配分ファンド（Ｄコース）	マネックス・アセットマネジメント株式会社	20160610		20240104	年1回	非対象
20230621	追加	AL315166	ＭＳＶ内外ＥＴＦ資産配分ファンド（Ｅコース）	マネックス・アセットマネジメント株式会社	20160610		20240104	年1回	非対象
20230621	追加	AL316166	ＭＳＶ内外ＥＴＦ資産配分ファンド（Ｆコース）	マネックス・アセットマネジメント株式会社	20160610		20240104	年1回	非対象
20230621	追加	AL317166	ＭＳＶ内外ＥＴＦ資産配分ファンド（Ｇコース）	マネックス・アセットマネジメント株式会社	20160610		20240104	年1回	非対象
20230621	追加	AL318166	ＭＳＶ内外ＥＴＦ資産配分ファンド（Ｈコース）	マネックス・アセットマネジメント株式会社	20160610		20240104	年1回	非対象
20230621	追加	AL312206	マネックス・アクティビスト・ファンド	マネックス・アセットマネジメント株式会社	20200625		20240104	年1回	非対象
20230621	追加	79312213	イノベーティブ・カーボンニュートラル戦略ファンド	三井住友ＤＳアセットマネジメント株式会社	20210330		20240104	年1回	非対象
20230621	追加	79315125	短期豪ドル債オープン（年２回決算型）	三井住友ＤＳアセットマネジメント株式会社	20120514		20240104	年2回	非対象
20230621	追加	7931115B	日系企業海外債券オープン（為替ヘッジあり）	三井住友ＤＳアセットマネジメント株式会社	20151112		20240104	年2回	非対象
20230621	追加	7931215B	日系企業海外債券オープン（為替ヘッジなし）	三井住友ＤＳアセットマネジメント株式会社	20151112		20240104	年2回	非対象
20230621	追加	7931305A	日本好配当株オープン	三井住友ＤＳアセットマネジメント株式会社	20051024		20240104	四半期	非対象
20230621	追加	7931C01A	三井住友・ニュー・チャイナ・ファンド	三井住友ＤＳアセットマネジメント株式会社	20011022		20240104	年1回	非対象
20230621	追加	64316063	３資産バランスオープンアルファ　　　　　　　　　　　　　　　	三井住友トラスト・アセットマネジメント株式会社	20060331		20240104	隔月	非対象
20230621	追加	6431613B	Ｊ－ＲＥＩＴ・リサーチ・オープン（年２回決算型）	三井住友トラスト・アセットマネジメント株式会社	20131122		20240104	年2回	非対象
20230621	追加	6431307A	Ｊリートアクティブファンド（１年決算型）　　　　　　	三井住友トラスト・アセットマネジメント株式会社	20071019		20240104	年1回	非対象
20230621	追加	6431C223	Ｍｙ　ＳＭＴ　Ｊ－ＲＥＩＴインデックス（ノーロード）	三井住友トラスト・アセットマネジメント株式会社	20220329		20240104	年1回	非対象
20230621	追加	6431B223	Ｍｙ　ＳＭＴ　Ｓ＆Ｐ５００インデックス（ノーロード）	三井住友トラスト・アセットマネジメント株式会社	20220329		20240104	年1回	対象
20230621	追加	64312181	Ｍｙ　ＳＭＴ　ＴＯＰＩＸインデックス（ノーロード）	三井住友トラスト・アセットマネジメント株式会社	20180112		20240104	年1回	対象
20230621	追加	6431D223	Ｍｙ　ＳＭＴ　グローバルＲＥＩＴインデックス（ノーロード）	三井住友トラスト・アセットマネジメント株式会社	20220329		20240104	年1回	非対象
20230621	追加	6431217B	Ｍｙ　ＳＭＴ　グローバル株式インデックス（ノーロード）	三井住友トラスト・アセットマネジメント株式会社	20171124		20240104	年1回	対象
20230621	追加	64317223	Ｍｙ　ＳＭＴ　グローバル債券インデックス（ノーロード）	三井住友トラスト・アセットマネジメント株式会社	20220329		20240104	年1回	非対象
20230621	追加	64316223	Ｍｙ　ＳＭＴ　国内債券インデックス（ノーロード）	三井住友トラスト・アセットマネジメント株式会社	20220329		20240104	年1回	非対象
20230621	追加	64311181	Ｍｙ　ＳＭＴ　新興国株式インデックス（ノーロード）	三井住友トラスト・アセットマネジメント株式会社	20180112		20240104	年1回	対象
20230621	追加	64318223	Ｍｙ　ＳＭＴ　新興国債券インデックス（ノーロード）	三井住友トラスト・アセットマネジメント株式会社	20220329		20240104	年1回	非対象
20230621	追加	64314223	Ｍｙ　ＳＭＴ　ダウ・ジョーンズ・インデックス（ノーロード）	三井住友トラスト・アセットマネジメント株式会社	20220329		20240104	年1回	非対象
20230621	追加	6431117B	Ｍｙ　ＳＭＴ　日経２２５インデックス（ノーロード）	三井住友トラスト・アセットマネジメント株式会社	20171124		20240104	年1回	対象
20230621	追加	6431318C	ＮＷＱフレキシブル・インカムファンド　為替ヘッジあり（年１回決算型）	三井住友トラスト・アセットマネジメント株式会社	20181206		20240104	年1回	非対象
20230621	追加	6431418C	ＮＷＱフレキシブル・インカムファンド　為替ヘッジなし（年１回決算型）	三井住友トラスト・アセットマネジメント株式会社	20181206		20240104	年1回	非対象
20230621	追加	64311081	ＳＢＩ資産設計オープン（資産成長型）　　　　　　　　　　　　	三井住友トラスト・アセットマネジメント株式会社	20080109		20240104	年1回	非対象
20230621	追加	6431217C	ＳＢＩ資産設計オープン（つみたてＮＩＳＡ対応型）	三井住友トラスト・アセットマネジメント株式会社	20171219		20240104	年1回	対象
20230621	追加	64312081	ＳＢＩ資産設計オープン（分配型）　　　　　　　　　　　　　　	三井住友トラスト・アセットマネジメント株式会社	20080109		20240104	隔月	非対象
20230621	追加	64314178	ＳＭＴ　８資産インデックスバランス・オープン	三井住友トラスト・アセットマネジメント株式会社	20170825		20240104	年2回	対象
20230621	追加	64313141	ＳＭＴ　ＪＰＸ日経インデックス４００・オープン	三井住友トラスト・アセットマネジメント株式会社	20140121		20240104	年2回	対象
20230621	追加	64317081	ＳＭＴ　Ｊ－ＲＥＩＴインデックス・オープン	三井住友トラスト・アセットマネジメント株式会社	20080109		20240104	年2回	非対象
20230621	追加	64313197	ＳＭＴ　ＭＩＲＡＩｎｄｅｘ　ｅビジネス	三井住友トラスト・アセットマネジメント株式会社	20190730		20240104	年1回	非対象
20230621	追加	6431119C	ＳＭＴ　ＭＩＲＡＩｎｄｅｘ　宇宙	三井住友トラスト・アセットマネジメント株式会社	20191220		20240104	年1回	非対象
20230621	追加	6431319A	ＳＭＴ　ＭＩＲＡＩｎｄｅｘ　エコ	三井住友トラスト・アセットマネジメント株式会社	20191029		20240104	年1回	非対象
20230621	追加	64313224	ＳＭＴ　ＭＩＲＡＩｎｄｅｘ　総合	三井住友トラスト・アセットマネジメント株式会社	20220427		20240104	年1回	非対象
20230621	追加	64313193	ＳＭＴ　ＭＩＲＡＩｎｄｅｘ　バイオ・メディカル	三井住友トラスト・アセットマネジメント株式会社	20190326		20240104	年1回	非対象
20230621	追加	6431218A	ＳＭＴ　ＭＩＲＡＩｎｄｅｘ　ロボ	三井住友トラスト・アセットマネジメント株式会社	20181019		20240104	年1回	非対象
20230621	追加	64313081	ＳＭＴ　ＴＯＰＩＸインデックス・オープン	三井住友トラスト・アセットマネジメント株式会社	20080109		20240104	年2回	対象
20230621	追加	6431111B	ＳＭＴ　アジア新興国株式インデックス・オープン	三井住友トラスト・アセットマネジメント株式会社	20111125		20240104	年1回	非対象
20230621	追加	6431514B	ＳＭＴ　インデックスバランス・オープン	三井住友トラスト・アセットマネジメント株式会社	20141128		20240104	年2回	非対象
20230621	追加	6431317B	ＳＭＴ　欧州株配当貴族インデックス・オープン	三井住友トラスト・アセットマネジメント株式会社	20171128		20240104	年2回	非対象
20230621	追加	64318081	ＳＭＴ　グローバルＲＥＩＴインデックス・オープン	三井住友トラスト・アセットマネジメント株式会社	20080109		20240104	年2回	非対象
20230621	追加	64314081	ＳＭＴ　グローバル株式インデックス・オープン	三井住友トラスト・アセットマネジメント株式会社	20080109		20240104	年2回	対象
20230621	追加	64316081	ＳＭＴ　グローバル債券インデックス・オープン	三井住友トラスト・アセットマネジメント株式会社	20080109		20240104	年2回	非対象
20230621	追加	6431C13C	ＳＭＴ　グローバル債券インデックス・オープン（為替ヘッジあり）	三井住友トラスト・アセットマネジメント株式会社	20131227		20240104	年2回	非対象
20230621	追加	6431717B	ＳＭＴ　ゴールドインデックス・オープン（為替ヘッジあり）	三井住友トラスト・アセットマネジメント株式会社	20171128		20240104	年2回	非対象
20230621	追加	6431917B	ＳＭＴ　ゴールドインデックス・オープン（為替ヘッジなし）	三井住友トラスト・アセットマネジメント株式会社	20171128		20240104	年2回	非対象
20230621	追加	64315081	ＳＭＴ　国内債券インデックス・オープン	三井住友トラスト・アセットマネジメント株式会社	20080109		20240104	年2回	非対象
20230621	追加	6431414B	ＳＭＴ　新興国ＲＥＩＴインデックス・オープン	三井住友トラスト・アセットマネジメント株式会社	20141128		20240104	年2回	非対象
20230621	追加	6431208C	ＳＭＴ　新興国株式インデックス・オープン	三井住友トラスト・アセットマネジメント株式会社	20081215		20240104	年2回	対象
20230621	追加	6431108C	ＳＭＴ　新興国債券インデックス・オープン	三井住友トラスト・アセットマネジメント株式会社	20081215		20240104	年2回	非対象
20230621	追加	64311178	ＳＭＴ　世界経済インデックス・オープン	三井住友トラスト・アセットマネジメント株式会社	20170825		20240104	年1回	対象
20230621	追加	64312178	ＳＭＴ　世界経済インデックス・オープン（株式シフト型）	三井住友トラスト・アセットマネジメント株式会社	20170825		20240104	年1回	対象
20230621	追加	64313178	ＳＭＴ　世界経済インデックス・オープン（債券シフト型）	三井住友トラスト・アセットマネジメント株式会社	20170825		20240104	年1回	対象
20230621	追加	64311107	ＳＭＴ　日経２２５インデックス・オープン	三井住友トラスト・アセットマネジメント株式会社	20100730		20240104	年2回	対象
20230621	追加	64312149	ＳＭＴＡＭ　ＮＹダウインデックスオープン	三井住友トラスト・アセットマネジメント株式会社	20140909		20240104	年1回	非対象
20230621	追加	64311184	ＳＭＴＡＭ　ＮＹダウインデックスオープン（為替ヘッジあり）	三井住友トラスト・アセットマネジメント株式会社	20180416		20240104	年1回	非対象
20230621	追加	6431113C	ＳＭＴＡＭコモディティ・オープン	三井住友トラスト・アセットマネジメント株式会社	20131203		20240104	年2回	非対象
20230621	追加	64312112	ＳＭＴＡＭダウ・ジョーンズ　インデックスファンド（為替ヘッジあり）	三井住友トラスト・アセットマネジメント株式会社	20110215		20240104	年1回	非対象
20230621	追加	6431203C	ＳＲＩ・ジャパン・オープン	三井住友トラスト・アセットマネジメント株式会社	20031226		20240104	年1回	非対象
20230621	追加	64311062	アジア・オセアニア配当利回り株オープン	三井住友トラスト・アセットマネジメント株式会社	20060214		20240104	四半期	非対象
20230621	追加	64313138	アジアＲＥＩＴ・リサーチ・オープン（年２回決算型）	三井住友トラスト・アセットマネジメント株式会社	20130826		20240104	年2回	非対象
20230621	追加	6431122B	イノベーション・インサイト　世界株式戦略ファンド（資産成長型）	三井住友トラスト・アセットマネジメント株式会社	20221128		20240104	年2回	非対象
20230621	追加	64311159	インバウンド関連日本株ファンド	三井住友トラスト・アセットマネジメント株式会社	20150907		20240104	年1回	非対象
20230621	追加	64311065	エマージング株式オープン	三井住友トラスト・アセットマネジメント株式会社	20060530		20240104	年1回	非対象
20230621	追加	64311163	オーストラリアＲＥＩＴ・リサーチ・オープン（年２回決算型）	三井住友トラスト・アセットマネジメント株式会社	20160317		20240104	年2回	非対象
20230621	追加	64315005	外国株式インデックス・オープン	三井住友トラスト・アセットマネジメント株式会社	20000530		20240104	年1回	非対象
20230621	追加	64313104	外国株式インデックスｅ　　　　　　　　　　　　　　　	三井住友トラスト・アセットマネジメント株式会社	20100406		20240104	年1回	非対象
20230621	追加	64311012	外国株式インデックスファンド　　　　　　　　　　　　	三井住友トラスト・アセットマネジメント株式会社	20010222		20240104	年1回	非対象
20230621	追加	64314104	外国債券インデックスｅ　　　　　　　　　　　　　　　	三井住友トラスト・アセットマネジメント株式会社	20100406		20240104	年1回	非対象
20230621	追加	64312012	外国債券インデックスファンド　　　　　　　　　　　　	三井住友トラスト・アセットマネジメント株式会社	20010222		20240104	年1回	非対象
20230621	追加	64311006	キャッシュフロー経営評価オープン	三井住友トラスト・アセットマネジメント株式会社	20000630		20240104	年1回	非対象
20230621	追加	64313083	グローバル・インデックス・バランス・ファンド　　　　　　　　	三井住友トラスト・アセットマネジメント株式会社	20080303		20240104	年1回	非対象
20230621	追加	64311199	グローバルＥＴＦ・インカム・バランスファンド（年１回決算型）	三井住友トラスト・アセットマネジメント株式会社	20190909		20240104	年1回	非対象
20230621	追加	64312199	グローバルＥＴＦ・インカム・バランスファンド（年２回決算型）	三井住友トラスト・アセットマネジメント株式会社	20190909		20240104	年2回	非対象
20230621	追加	6431417B	グローバル経済コア	三井住友トラスト・アセットマネジメント株式会社	20171130		20240104	年1回	非対象
20230621	追加	64311202	次世代通信関連　アジア株式戦略ファンド	三井住友トラスト・アセットマネジメント株式会社	20200214		20240104	年1回	非対象
20230621	追加	6431117C	次世代通信関連　世界株式戦略ファンド	三井住友トラスト・アセットマネジメント株式会社	20171215		20240104	年1回	非対象
20230621	追加	6431199B	次世代ファンド	三井住友トラスト・アセットマネジメント株式会社	19991130		20240104	年1回	非対象
20230621	追加	64311996	ジャパン・グロース・ファンド	三井住友トラスト・アセットマネジメント株式会社	19990622		20240104	年1回	非対象
20230621	追加	64315091	世界経済インデックスファンド　　　　　　　　　　　　　　　　	三井住友トラスト・アセットマネジメント株式会社	20090116		20240104	年1回	対象
20230621	追加	6431213B	世界経済インデックスファンド（債券シフト型）	三井住友トラスト・アセットマネジメント株式会社	20131108		20240104	年1回	非対象
20230621	追加	64312193	世界スタートアップ＆イノベーション株式ファンド	三井住友トラスト・アセットマネジメント株式会社	20190318		20240104	年1回	非対象
20230621	追加	6431106A	世界ダブルハイインカム（奇数月決算型）	三井住友トラスト・アセットマネジメント株式会社	20061020		20240104	隔月	非対象
20230621	追加	64314215	脱炭素関連　世界株式戦略ファンド（資産成長型）	三井住友トラスト・アセットマネジメント株式会社	20210521		20240104	年2回	非対象
20230621	追加	64311046	チャイナ・リサーチ・オープン	三井住友トラスト・アセットマネジメント株式会社	20040616		20240104	年1回	非対象
20230621	追加	64312006	中小型株式オープン	三井住友トラスト・アセットマネジメント株式会社	20000630		20240104	年1回	非対象
20230621	追加	64319161	日経２２５インデックスｅ	三井住友トラスト・アセットマネジメント株式会社	20160108		20240104	年1回	非対象
20230621	追加	64311095	日経２２５インデックスファンド　　　　　　　　　　　	三井住友トラスト・アセットマネジメント株式会社	20090518		20240104	年1回	非対象
20230621	追加	64312104	日本債券インデックスｅ　　　　　　　　　　　　　　　	三井住友トラスト・アセットマネジメント株式会社	20100406		20240104	年1回	非対象
20230621	追加	64311011	日本債券インデックスファンド　　　　　　　　　　　　	三井住友トラスト・アセットマネジメント株式会社	20010123		20240104	年1回	非対象
20230621	追加	64314224	日本インフラ投信ファンド	三井住友トラスト・アセットマネジメント株式会社	20220427		20240104	年1回	非対象
20230621	追加	64311066	日本株式ＳＲＩファンド	三井住友トラスト・アセットマネジメント株式会社	20060612		20240104	年1回	非対象
20230621	追加	64314005	日本株式インデックス・オープン	三井住友トラスト・アセットマネジメント株式会社	20000530		20240104	年1回	非対象
20230621	追加	64311104	日本株式インデックスｅ　　　　　　　　　　　　　　　	三井住友トラスト・アセットマネジメント株式会社	20100406		20240104	年1回	非対象
20230621	追加	64313011	日本株式インデックスファンド　　　　　　　　　　　　	三井住友トラスト・アセットマネジメント株式会社	20010123		20240104	年1回	非対象
20230621	追加	64311221	日本株式エクセレント・フォーカスファンド	三井住友トラスト・アセットマネジメント株式会社	20220128		20240104	年1回	非対象
20230621	追加	64318056	日本株配当オープン　　　　　　　　　　　　　　　　　　　　　	三井住友トラスト・アセットマネジメント株式会社	20050629		20240104	四半期	非対象
20230621	追加	64312057	ニュー配当利回り株オープン	三井住友トラスト・アセットマネジメント株式会社	20050725		20240104	年2回	非対象
20230621	追加	64311137	米国成長株式ファンド	三井住友トラスト・アセットマネジメント株式会社	20130712		20240104	年1回	非対象
20230621	追加	64313164	米国地方債ファンド　為替ヘッジあり（年２回決算型）	三井住友トラスト・アセットマネジメント株式会社	20160428		20240104	年2回	非対象
20230621	追加	64314164	米国地方債ファンド　為替ヘッジなし（年２回決算型）	三井住友トラスト・アセットマネジメント株式会社	20160428		20240104	年2回	非対象
20230621	追加	64312217	未来フォーカス企業債ファンド（為替ヘッジあり）（年２回決算型）	三井住友トラスト・アセットマネジメント株式会社	20210730		20240104	年2回	非対象
20230621	追加	6431222C	リアルアセット関連証券ファンド（年２回決算型）	三井住友トラスト・アセットマネジメント株式会社	20221214		20240104	年2回	非対象
20230621	追加	12311028	小型株ファンド	明治安田アセットマネジメント株式会社	20020813		20240104	年1回	非対象
20230621	追加	12312044	新成長株ファンド	明治安田アセットマネジメント株式会社	20040426		20240104	年1回	非対象
20230621	追加	12311165	成長応援日本株ファンド	明治安田アセットマネジメント株式会社	20160530		20240104	年2回	非対象
20230621	追加	12311229	東洋ベトナム株式オープン	明治安田アセットマネジメント株式会社	20220927		20240104	年1回	非対象
20230621	追加	12311197	にいがた未来応援日本株ファンド	明治安田アセットマネジメント株式会社	20190719		20240104	年1回	非対象
20230621	追加	1231416C	ノーロード明治安田社債アクティブ	明治安田アセットマネジメント株式会社	20161221		20240104	年1回	非対象
20230621	追加	12312004	明治安田アメリカ株式ファンド	明治安田アセットマネジメント株式会社	20000425		20240104	年1回	非対象
20230621	追加	12313001	明治安田欧州株式ファンド	明治安田アセットマネジメント株式会社	20000128		20240104	年1回	非対象
20230621	追加	12315014	明治安田外国債券オープン	明治安田アセットマネジメント株式会社	20010411		20240104	年1回	非対象
20230621	追加	1231100C	明治安田セレクト日本株式ファンド	明治安田アセットマネジメント株式会社	20001227		20240104	年1回	非対象
20230621	追加	12311187	明治安田日本債券オープン（年１回決算型）	明治安田アセットマネジメント株式会社	20180717		20240104	年1回	非対象
20230621	追加	12312001	明治安田日本債券ファンド	明治安田アセットマネジメント株式会社	20000128		20240104	年1回	非対象
20230621	追加	12311001	明治安田日本株式ファンド	明治安田アセットマネジメント株式会社	20000128		20240104	年1回	非対象
20230621	追加	12311121	明治安田米国中小型成長株式ファンド	明治安田アセットマネジメント株式会社	20120131		20240104	年2回	非対象
20230621	追加	9L31108A	ユニオンファンド	ユニオン投信株式会社	20081020		20240104	年1回	非対象
20230621	追加	AJ31222C	Ｊ－ＲＥＩＴリサーチ・アクティブファンド	りそなアセットマネジメント株式会社	20221214		20240104	年1回	非対象
20230621	追加	AJ318178	Ｓｍａｒｔ－ｉ　Ｊリートインデックス	りそなアセットマネジメント株式会社	20170829		20240104	年1回	非対象
20230621	追加	AJ311207	Ｓｍａｒｔ－ｉ　Ｓ＆Ｐ５００インデックス	りそなアセットマネジメント株式会社	20200729		20240104	年1回	対象
20230621	追加	AJ312224	Ｓｍａｒｔ－ｉ　Ｓｅｌｅｃｔ　全世界株式インデックス	りそなアセットマネジメント株式会社	20220427		20240104	年1回	対象
20230621	追加	AJ313224	Ｓｍａｒｔ－ｉ　Ｓｅｌｅｃｔ　全世界株式インデックス（除く日本）	りそなアセットマネジメント株式会社	20220427		20240104	年1回	対象
20230621	追加	AJ312178	Ｓｍａｒｔ－ｉ　ＴＯＰＩＸインデックス	りそなアセットマネジメント株式会社	20170829		20240104	年1回	対象
20230621	追加	AJ312217	Ｓｍａｒｔ－ｉ　ゴールドファンド（為替ヘッジあり）	りそなアセットマネジメント株式会社	20210720		20240104	年1回	非対象
20230621	追加	AJ311217	Ｓｍａｒｔ－ｉ　ゴールドファンド（為替ヘッジなし）	りそなアセットマネジメント株式会社	20210720		20240104	年1回	非対象
20230621	追加	AJ31119A	Ｓｍａｒｔ－ｉ　国内株式ＥＳＧインデックス	りそなアセットマネジメント株式会社	20191030		20240104	年1回	非対象
20230621	追加	AJ311178	Ｓｍａｒｔ－ｉ　国内債券インデックス	りそなアセットマネジメント株式会社	20170829		20240104	年1回	非対象
20230621	追加	AJ317178	Ｓｍａｒｔ－ｉ　新興国株式インデックス	りそなアセットマネジメント株式会社	20170829		20240104	年1回	対象
20230621	追加	AJ31222A	Ｓｍａｒｔ－ｉ　世界株式気候変動インデックス	りそなアセットマネジメント株式会社	20221026		20240104	年1回	非対象
20230621	追加	AJ316178	Ｓｍａｒｔ－ｉ　先進国株式インデックス	りそなアセットマネジメント株式会社	20170829		20240104	年1回	対象
20230621	追加	AJ315178	Ｓｍａｒｔ－ｉ　先進国債券インデックス（為替ヘッジあり）	りそなアセットマネジメント株式会社	20170829		20240104	年1回	非対象
20230621	追加	AJ314178	Ｓｍａｒｔ－ｉ　先進国債券インデックス（為替ヘッジなし）	りそなアセットマネジメント株式会社	20170829		20240104	年1回	非対象
20230621	追加	AJ319178	Ｓｍａｒｔ－ｉ　先進国リートインデックス	りそなアセットマネジメント株式会社	20170829		20240104	年1回	非対象
20230621	追加	AJ313178	Ｓｍａｒｔ－ｉ　日経２２５インデックス	りそなアセットマネジメント株式会社	20170829		20240104	年1回	対象
20230621	追加	AJ314183	Ｓｍａｒｔーｉ　８資産バランス　安定型	りそなアセットマネジメント株式会社	20180327		20240104	年1回	対象
20230621	追加	AJ315183	Ｓｍａｒｔーｉ　８資産バランス　安定成長型	りそなアセットマネジメント株式会社	20180327		20240104	年1回	対象
20230621	追加	AJ316183	Ｓｍａｒｔーｉ　８資産バランス　成長型	りそなアセットマネジメント株式会社	20180327		20240104	年1回	対象
20230621	追加	AJ311214	円建グローバル公社債ファンド	りそなアセットマネジメント株式会社	20210423		20240104	年1回	非対象
20230621	追加	AJ31121B	九州ＳＤＧｓ・グローバルバランス	りそなアセットマネジメント株式会社	20211118		20240104	年1回	非対象
20230621	追加	AJ31321C	グローバルインパクト投資ファンド（気候変動）	りそなアセットマネジメント株式会社	20211217		20240104	年1回	非対象
20230621	追加	AJ31120A	グローバル中小型株式ファンド	りそなアセットマネジメント株式会社	20201006		20240104	年1回	非対象
20230621	追加	AJ312219	国内株式ＥＳＧインデックス・オープン	りそなアセットマネジメント株式会社	20210917		20240104	年1回	非対象
20230621	追加	AJ311209	埼玉りそな・グローバルバランス・プラスＥＳＧ	りそなアセットマネジメント株式会社	20200925		20240104	年1回	非対象
20230621	追加	AJ313219	先進国株式ＥＳＧインデックス・オープン	りそなアセットマネジメント株式会社	20210917		20240104	年1回	非対象
20230621	追加	AJ31117A	つみたてバランスファンド	りそなアセットマネジメント株式会社	20171026		20240104	年1回	対象
20230621	追加	AJ311216	日本株式インパクト投資ファンド	りそなアセットマネジメント株式会社	20210611		20240104	年1回	非対象
20230621	追加	AJ31322C	日本厳選価値向上株式ファンド	りそなアセットマネジメント株式会社	20221215		20240104	年1回	非対象
20230621	追加	AJ312213	日本厳選株式ファンド	りそなアセットマネジメント株式会社	20210326		20240104	年1回	非対象
20230621	追加	AJ31122B	ラップ型ファンド・プラスＥＳＧ（安定型）	りそなアセットマネジメント株式会社	20221101		20240104	年1回	非対象
20230621	追加	AJ31222B	ラップ型ファンド・プラスＥＳＧ（安定成長型）	りそなアセットマネジメント株式会社	20221101		20240104	年1回	非対象
20230621	追加	AJ31322B	ラップ型ファンド・プラスＥＳＧ（成長型）	りそなアセットマネジメント株式会社	20221101		20240104	年1回	非対象
20230621	追加	AJ311198	りそな　つみたてグローバル株式アクティブファンド	りそなアセットマネジメント株式会社	20190828		20240104	年1回	非対象
20230621	追加	AJ311205	りそな　つみたて国内株式アクティブファンド	りそなアセットマネジメント株式会社	20200520		20240104	年1回	非対象
20230621	追加	AJ31522C	りそな　つみたてラップ型ファンド（安定型）	りそなアセットマネジメント株式会社	20221221		20240104	年1回	非対象
20230621	追加	AJ31622C	りそな　つみたてラップ型ファンド（安定成長型）	りそなアセットマネジメント株式会社	20221221		20240104	年1回	非対象
20230621	追加	AJ31722C	りそな　つみたてラップ型ファンド（成長型）	りそなアセットマネジメント株式会社	20221221		20240104	年1回	非対象
20230621	追加	AJ31822C	りそな　つみたてリスクコントロールファンド	りそなアセットマネジメント株式会社	20221228		20240104	年1回	非対象
20230621	追加	AJ311194	りそなターゲット・イヤー・ファンド２０３５	りそなアセットマネジメント株式会社	20190423	20450327	20240104	年1回	非対象
20230621	追加	AJ312183	りそなターゲット・イヤー・ファンド２０４０	りそなアセットマネジメント株式会社	20180327	20500325	20240104	年1回	非対象
20230621	追加	AJ311218	りそな日経２２５インデックス	りそなアセットマネジメント株式会社	20210803		20240104	年1回	非対象
20230621	追加	AJ311189	りそな日本中小型株式ファンド	りそなアセットマネジメント株式会社	20180928		20240104	年1回	非対象
20230621	追加	AJ311162	りそなラップ型ファンド（安定型）	りそなアセットマネジメント株式会社	20160226		20240104	年1回	非対象
20230621	追加	AJ312162	りそなラップ型ファンド（安定成長型）	りそなアセットマネジメント株式会社	20160226		20240104	年1回	非対象
20230621	追加	9C31108A	ひふみ投信	レオス・キャピタルワークス株式会社	20081001		20240104	年1回	対象
20230621	追加	9C311125	ひふみプラス	レオス・キャピタルワークス株式会社	20120528		20240104	年1回	対象
20230621	追加	9C311213	ひふみらいと	レオス・キャピタルワークス株式会社	20210330		20240104	年1回	非対象
20230621	追加	9C314213	まるごとひふみ１００	レオス・キャピタルワークス株式会社	20210330		20240104	年1回	非対象
20230621	追加	9C312213	まるごとひふみ１５	レオス・キャピタルワークス株式会社	20210330		20240104	年1回	非対象
20230621	追加	9C313213	まるごとひふみ５０	レオス・キャピタルワークス株式会社	20210330		20240104	年1回	非対象
20230710	追加	8531213C	日本中小型成長株アクティブ・ファンド	ＢＮＹメロン・インベストメント・マネジメント・ジャパン株式会社	20131225	20501216	20240104	年1回	非対象
20230710	追加	85311136	日本復活成長株ファンド	ＢＮＹメロン・インベストメント・マネジメント・ジャパン株式会社	20130611	20500517	20240104	年1回	非対象
20230710	追加	85311125	米国製造業株式ファンド	ＢＮＹメロン・インベストメント・マネジメント・ジャパン株式会社	20120531	20500517	20240104	年1回	非対象
20230710	追加	85311181	モビリティ・イノベーション・ファンド	ＢＮＹメロン・インベストメント・マネジメント・ジャパン株式会社	20180122	20500121	20240104	年1回	非対象
20230710	追加	89312237	ＳＢＩ・ｉシェアーズ・ＴＯＰＩＸインデックス・ファンド	ＳＢＩアセットマネジメント株式会社	20230712		20240104	年1回	対象
20230710	追加	89311237	ＳＢＩ・ｉシェアーズ・日経２２５インデックス・ファンド	ＳＢＩアセットマネジメント株式会社	20230712		20240104	年1回	対象
20230710	追加	8931105C	ＳＢＩ小型成長株ファンド　ジェイクール（愛称：ｊｃｏｏｌ）	ＳＢＩアセットマネジメント株式会社	20051226		20240104	年1回	非対象
20230710	追加	89311052	ＳＢＩ中小型成長株ファンド　ジェイネクスト（愛称：ｊｎｅｘｔ）	ＳＢＩアセットマネジメント株式会社	20050201		20240104	年1回	非対象
20230710	追加	8931115C	ＳＢＩ中小型成長株ファンド　ジェイネクスト（年２回決算型）愛称：ｊｎｅｘｔⅡ	ＳＢＩアセットマネジメント株式会社	20151211		20240104	年2回	非対象
20230710	追加	89311067	ＳＢＩ中小型割安成長株ファンド　ジェイリバイブ（愛称：ｊｒｅｖｉｖｅ）	ＳＢＩアセットマネジメント株式会社	20060731		20240104	年1回	非対象
20230710	追加	89311157	ＳＢＩ中小型割安成長株ファンド　ジェイリバイブ（年２回決算型）／愛称：ｊｒｅｖｉｖｅⅡ	ＳＢＩアセットマネジメント株式会社	20150710		20240104	年2回	非対象
20230710	追加	89311143	ＳＢＩ日本小型成長株選抜ファンド（愛称：センバツ）	ＳＢＩアセットマネジメント株式会社	20140328		20240104	年2回	非対象
20230710	追加	8931119B	ＳＢＩ米国小型成長株ファンド	ＳＢＩアセットマネジメント株式会社	20191129		20240104	年2回	非対象
20230710	追加	89312076	アメリカン・ドリーム・ファンド	ＳＢＩアセットマネジメント株式会社	20070629		20240104	年1回	非対象
20230710	追加	09311065	香川県応援ファンド	ＳＢＩ岡三アセットマネジメント株式会社	20060519		20240104	隔月	非対象
20230710	追加	09311181	くまもと未来応援ファンド	ＳＢＩ岡三アセットマネジメント株式会社	20180131		20240104	年1回	非対象
20230710	追加	09311223	グローバル仮想世界株式戦略ファンド	ＳＢＩ岡三アセットマネジメント株式会社	20220322	20450317	20240104	年2回	非対象
20230710	追加	0931105C	福井県応援ファンド	ＳＢＩ岡三アセットマネジメント株式会社	20051227		20240104	隔月	非対象
20230710	追加	09311231	北陸みらい応援ファンド	ＳＢＩ岡三アセットマネジメント株式会社	20230130	20450113	20240104	四半期	非対象
20230710	追加	09311059	三重県応援ファンド	ＳＢＩ岡三アセットマネジメント株式会社	20050922		20240104	四半期	非対象
20230710	追加	4531221A	ＦＤＡ日米バランスファンド（安定型）	ＳＯＭＰＯアセットマネジメント株式会社	20211008		20240104	年1回	非対象
20230710	追加	4531121A	ＦＤＡ日米バランスファンド（成長型）	ＳＯＭＰＯアセットマネジメント株式会社	20211008		20240104	年1回	非対象
20230710	追加	45311232	ＦＤＡ日米バランスファンド（積極型）	ＳＯＭＰＯアセットマネジメント株式会社	20230227		20240104	年1回	非対象
20230710	追加	4531121C	ＳＯＭＰＯ１２３　先進国株式	ＳＯＭＰＯアセットマネジメント株式会社	20211221		20240104	年1回	非対象
20230710	追加	45314144	グローバル変動金利債券ファンド　円ヘッジありコース	ＳＯＭＰＯアセットマネジメント株式会社	20140430		20240104	年1回	非対象
20230710	追加	45315144	グローバル変動金利債券ファンド　円ヘッジなしコース	ＳＯＭＰＯアセットマネジメント株式会社	20140430		20240104	年1回	非対象
20230710	追加	4531516A	好循環社会促進日本株ファンド	ＳＯＭＰＯアセットマネジメント株式会社	20161025		20240104	年1回	非対象
20230710	追加	45311062	好配当ジャパン・オープン	ＳＯＭＰＯアセットマネジメント株式会社	20060228		20240104	四半期	非対象
20230710	追加	45311191	次世代金融テクノロジー株式ファンド	ＳＯＭＰＯアセットマネジメント株式会社	20190130		20240104	年1回	非対象
20230710	追加	4531222B	シンガポールＲＥＩＴファンド（資産成長型）	ＳＯＭＰＯアセットマネジメント株式会社	20221130		20240104	年2回	非対象
20230710	追加	45312117	スイス・グローバル・リーダー・ファンド	ＳＯＭＰＯアセットマネジメント株式会社	20110729		20240104	四半期	非対象
20230710	追加	4531116C	スイス・グローバル・リーダー・ファンド（為替ヘッジあり）	ＳＯＭＰＯアセットマネジメント株式会社	20161221		20240104	四半期	非対象
20230710	追加	45312084	損保ジャパン・エコ・オープン（配当利回り重視型）	ＳＯＭＰＯアセットマネジメント株式会社	20080418		20240104	四半期	非対象
20230710	追加	45311999	損保ジャパン・グリーン・オープン	ＳＯＭＰＯアセットマネジメント株式会社	19990930		20240104	年1回	非対象
20230710	追加	45311995	損保ジャパン－ＴＣＷ外国株式ファンド　Ａコース（為替ヘッジあり）	ＳＯＭＰＯアセットマネジメント株式会社	19990531		20240104	年1回	非対象
20230710	追加	45312995	損保ジャパン－ＴＣＷ外国株式ファンド　Ｂコース（為替ヘッジなし）	ＳＯＭＰＯアセットマネジメント株式会社	19990531		20240104	年1回	非対象
20230710	追加	45313007	損保ジャパン外国債券ファンド	ＳＯＭＰＯアセットマネジメント株式会社	20000731		20240104	年1回	非対象
20230710	追加	45313059	損保ジャパン外国債券ファンド（為替ヘッジなし）	ＳＯＭＰＯアセットマネジメント株式会社	20050926		20240104	年1回	非対象
20230710	追加	45311053	損保ジャパン拡大中国株投信	ＳＯＭＰＯアセットマネジメント株式会社	20050322		20240104	年1回	非対象
20230710	追加	45311987	損保ジャパン日本株オープン	ＳＯＭＰＯアセットマネジメント株式会社	19980731		20240104	年1回	非対象
20230710	追加	4531199A	損保ジャパン日本株ファンド	ＳＯＭＰＯアセットマネジメント株式会社	19991020		20240104	年1回	非対象
20230710	追加	45312007	損保ジャパン日本債券ファンド	ＳＯＭＰＯアセットマネジメント株式会社	20000731		20240104	年1回	非対象
20230710	追加	45311233	東洋・中国Ａ株オープン「創新」	ＳＯＭＰＯアセットマネジメント株式会社	20230308		20240104	年1回	非対象
20230710	追加	45311065	トルコ株式オープン	ＳＯＭＰＯアセットマネジメント株式会社	20060531		20240104	年1回	非対象
20230710	追加	45311166	日本金融ハイブリッド証券オープン（年１回決算型）　円ヘッジありコース	ＳＯＭＰＯアセットマネジメント株式会社	20160630		20240104	年1回	非対象
20230710	追加	45312166	日本金融ハイブリッド証券オープン（年１回決算型）　円ヘッジなしコース	ＳＯＭＰＯアセットマネジメント株式会社	20160630		20240104	年1回	非対象
20230710	追加	45314007	ハッピーエイジング２０	ＳＯＭＰＯアセットマネジメント株式会社	20000731		20240104	年1回	対象
20230710	追加	45315007	ハッピーエイジング３０	ＳＯＭＰＯアセットマネジメント株式会社	20000731		20240104	年1回	対象
20230710	追加	45316007	ハッピーエイジング４０	ＳＯＭＰＯアセットマネジメント株式会社	20000731		20240104	年1回	対象
20230710	追加	45317007	ハッピーエイジング５０	ＳＯＭＰＯアセットマネジメント株式会社	20000731		20240104	年1回	非対象
20230710	追加	45318007	ハッピーエイジング６０	ＳＯＭＰＯアセットマネジメント株式会社	20000731		20240104	年1回	非対象
20230710	追加	45311056	みずほ好配当日本株オープン	ＳＯＭＰＯアセットマネジメント株式会社	20050615		20240104	四半期	非対象
20230710	追加	4531113C	みずほ好配当日本株オープン（年１回決算型）	ＳＯＭＰＯアセットマネジメント株式会社	20131213		20240104	年1回	非対象
20230710	追加	45311092	みずほ好配当日本株オープン（ノーロード型）	ＳＯＭＰＯアセットマネジメント株式会社	20090206		20240104	四半期	非対象
20230710	追加	AE311225	あおぞら・徹底分散グローバル・サステナビリティ株式ファンド	あおぞら投信株式会社	20220531		20240104	年1回	非対象
20230710	追加	AE311153	あおぞら・日本株式フォーカス戦略ファンド	あおぞら投信株式会社	20150313		20240104	年2回	非対象
20230710	追加	47318138	ＭＨＡＭ豪ドル債券ファンド（年１回決算型）	アセットマネジメントＯｎｅ株式会社	20130819	20480717	20240104	年1回	非対象
20230710	追加	47311189	Ｏｎｅ世界分散セレクト（Ａコース）	アセットマネジメントＯｎｅ株式会社	20180928		20240104	年2回	非対象
20230710	追加	47312189	Ｏｎｅ世界分散セレクト（Ｂコース）	アセットマネジメントＯｎｅ株式会社	20180928		20240104	隔月	非対象
20230710	追加	4731312A	投資のソムリエ	アセットマネジメントＯｎｅ株式会社	20121026		20240104	年2回	非対象
20230710	追加	4731D13A	みずほ豪ドル債券ファンド（年１回決算型）	アセットマネジメントＯｎｅ株式会社	20131021	20481020	20240104	年1回	非対象
20230710	追加	4731416A	リスク抑制世界８資産バランスファンド	アセットマネジメントＯｎｅ株式会社	20161024	20470711	20240104	隔月	非対象
20230710	追加	58311008	アムンディ・ターゲット・ジャパン・ファンド	アムンディ・ジャパン株式会社	20000831		20240104	年2回	非対象
20230710	追加	58311061	アムンディ・りそなインド・ファンド	アムンディ・ジャパン株式会社	20060131		20240104	年2回	非対象
20230710	追加	58311095	日興ターゲット・ジャパン・ファンド	アムンディ・ジャパン株式会社	20090529		20240104	年1回	非対象
20230710	追加	58311113	日興レジェンド・イーグル・ファンド（円ヘッジコース）	アムンディ・ジャパン株式会社	20110318		20240104	年2回	非対象
20230710	追加	58311099	日興レジェンド・イーグル・ファンド（資産成長コース）	アムンディ・ジャパン株式会社	20090911		20240104	年2回	非対象
20230710	追加	9Y31913C	イタリア株式ファンド	カレラアセットマネジメント株式会社	20131217	20531215	20240104	年2回	非対象
20230710	追加	9Y31522C	インド株式ファンド	カレラアセットマネジメント株式会社	20221222	20531222	20240104	四半期	非対象
20230710	追加	9Y312177	カレラ　米国小型株式アクティブファンド	カレラアセットマネジメント株式会社	20170728	20530715	20240104	四半期	非対象
20230710	追加	9Y316234	グローバル食料株ファンド	カレラアセットマネジメント株式会社	20230426	20530425	20240104	四半期	非対象
20230710	追加	9Y31212C	スイス株式ファンド	カレラアセットマネジメント株式会社	20121218	20531215	20240104	年2回	非対象
20230710	追加	9Y31317C	中欧株式ファンド	カレラアセットマネジメント株式会社	20171227	20531222	20240104	四半期	非対象
20230710	追加	9Y311127	ニュージーランド株式ファンド	カレラアセットマネジメント株式会社	20120726	20530715	20240104	年2回	非対象
20230710	追加	5931119A	しんきん３資産ファンド（１年決算型）	しんきんアセットマネジメント投信株式会社	20191016		20240104	年1回	非対象
20230710	追加	59311146	しんきんＪＰＸ日経４００オープン	しんきんアセットマネジメント投信株式会社	20140606		20240104	年1回	非対象
20230710	追加	59311141	しんきんＪリートオープン（１年決算型）	しんきんアセットマネジメント投信株式会社	20140121	20440120	20240104	年1回	非対象
20230710	追加	59311214	しんきんＳ＆Ｐ５００インデックスファンド	しんきんアセットマネジメント投信株式会社	20210412		20240104	年1回	非対象
20230710	追加	5931106C	しんきんＳＲＩファンド	しんきんアセットマネジメント投信株式会社	20061208		20240104	年1回	非対象
20230710	追加	59311216	しんきんＵＳバランス・プラスゴールド（１年決算型）	しんきんアセットマネジメント投信株式会社	20210614		20240104	年1回	非対象
20230710	追加	59311115	しんきんアジアＥＴＦ株式ファンド	しんきんアセットマネジメント投信株式会社	20110518		20240104	年2回	非対象
20230710	追加	59311991	しんきんインデックスファンド２２５	しんきんアセットマネジメント投信株式会社	19990114		20240104	年1回	非対象
20230710	追加	5931219A	しんきんグローバル６資産ファンド（１年決算型）	しんきんアセットマネジメント投信株式会社	20191016		20240104	年1回	非対象
20230710	追加	59311102	しんきん公共債ファンド	しんきんアセットマネジメント投信株式会社	20100209		20240104	年2回	非対象
20230710	追加	59312028	しんきん好配当利回り株ファンド	しんきんアセットマネジメント投信株式会社	20020807		20240104	年1回	非対象
20230710	追加	59311063	しんきん好配当利回り株ファンド（３ヵ月決算型）	しんきんアセットマネジメント投信株式会社	20060323		20240104	四半期	非対象
20230710	追加	59311028	しんきん国内債券ファンド	しんきんアセットマネジメント投信株式会社	20020807		20240104	年1回	非対象
20230710	追加	5931113A	しんきん世界アロケーションファンド	しんきんアセットマネジメント投信株式会社	20131025	20440215	20240104	年1回	非対象
20230710	追加	59311162	しんきん世界アロケーションファンド（積極型）	しんきんアセットマネジメント投信株式会社	20160216	20440215	20240104	年1回	非対象
20230710	追加	5931118B	しんきん世界好配当利回り株ファンド（１年決算型）	しんきんアセットマネジメント投信株式会社	20181116		20240104	年1回	非対象
20230710	追加	5931222A	しんきん全世界株式インデックスファンド	しんきんアセットマネジメント投信株式会社	20221012		20240104	年1回	非対象
20230710	追加	59311007	しんきんトピックスオープン	しんきんアセットマネジメント投信株式会社	20000719		20240104	年1回	非対象
20230710	追加	59311159	しんきん日経平均オープン	しんきんアセットマネジメント投信株式会社	20150911		20240104	年1回	非対象
20230710	追加	5931117A	しんきんノーロード日経２２５	しんきんアセットマネジメント投信株式会社	20171031		20240104	年1回	対象
20230710	追加	5931122A	しんきん米国ウォーターファンド	しんきんアセットマネジメント投信株式会社	20221012		20240104	年1回	非対象
20230710	追加	0431118C	社会課題解決応援ファンド	大和アセットマネジメント株式会社	20181226	20501223	20240104	年2回	非対象
20230710	追加	04311153	女性活躍応援ファンド	大和アセットマネジメント株式会社	20150331	20500318	20240104	年2回	非対象
20230710	追加	AW311209	ティー・ロウ・プライス　グローバル・テクノロジー株式ファンド　Ａコース（為替ヘッジあり）	ティー・ロウ・プライス・ジャパン株式会社	20200928		20240104	年1回	非対象
20230710	追加	AW312209	ティー・ロウ・プライス　グローバル・テクノロジー株式ファンド　Ｂコース（為替ヘッジなし）	ティー・ロウ・プライス・ジャパン株式会社	20200928		20240104	年1回	非対象
20230710	追加	AW312195	ティー・ロウ・プライス　世界厳選成長株式ファンド　Ａコース（資産成長型・為替ヘッジあり）	ティー・ロウ・プライス・ジャパン株式会社	20190528		20240104	年2回	非対象
20230710	追加	AW313195	ティー・ロウ・プライス　世界厳選成長株式ファンド　Ｂコース（資産成長型・為替ヘッジなし）	ティー・ロウ・プライス・ジャパン株式会社	20190528		20240104	年2回	非対象
20230710	追加	AW314195	ティー・ロウ・プライス　世界厳選成長株式ファンド　Ｃコース（分配重視型・為替ヘッジあり）	ティー・ロウ・プライス・ジャパン株式会社	20190528		20240104	四半期	非対象
20230710	追加	AW315195	ティー・ロウ・プライス　世界厳選成長株式ファンド　Ｄコース（分配重視型・為替ヘッジなし）	ティー・ロウ・プライス・ジャパン株式会社	20190528		20240104	四半期	非対象
20230710	追加	AW31122B	ティー・ロウ・プライス　米国オールキャップ株式ファンド	ティー・ロウ・プライス・ジャパン株式会社	20221128		20240104	年1回	非対象
20230710	追加	AW31119C	ティー・ロウ・プライス　米国成長株式ファンド	ティー・ロウ・プライス・ジャパン株式会社	20191227		20240104	年1回	非対象
20230710	追加	AW311234	ティー・ロウ・プライス　米国中小型株式ファンド　Ａコース（為替ヘッジあり）	ティー・ロウ・プライス・ジャパン株式会社	20230414		20240104	年1回	非対象
20230710	追加	AW312234	ティー・ロウ・プライス　米国中小型株式ファンド　Ｂコース（為替ヘッジなし）	ティー・ロウ・プライス・ジャパン株式会社	20230414		20240104	年1回	非対象
20230710	追加	AW311219	ティー・ロウ・プライス　米国割安優良株式ファンド　Ａコース（為替ヘッジあり）	ティー・ロウ・プライス・ジャパン株式会社	20210907		20240104	年1回	非対象
20230710	追加	AW312219	ティー・ロウ・プライス　米国割安優良株式ファンド　Ｂコース（為替ヘッジなし）	ティー・ロウ・プライス・ジャパン株式会社	20210907		20240104	年1回	非対象
20230710	追加	0131106B	アジア好配当株投信	野村アセットマネジメント株式会社	20061115		20240104	四半期	非対象
20230710	追加	0131105B	京都・滋賀インデックス　ファンド	野村アセットマネジメント株式会社	20051110		20240104	年1回	非対象
20230710	追加	0131203B	グローバル・ハイインカム・ストック・ファンド	野村アセットマネジメント株式会社	20031128		20240104	四半期	非対象
20230710	追加	0131496B	グローバル・バリュー・オープン	野村アセットマネジメント株式会社	19961129		20240104	年2回	非対象
20230710	追加	0131520B	グローバルＥＳＧバランスファンド（為替ヘッジあり）隔月分配型	野村アセットマネジメント株式会社	20201130		20240104	隔月	非対象
20230710	追加	0131320B	グローバルＥＳＧバランスファンド（為替ヘッジあり）年２回決算型	野村アセットマネジメント株式会社	20201130		20240104	年2回	非対象
20230710	追加	0131620B	グローバルＥＳＧバランスファンド（為替ヘッジなし）隔月分配型	野村アセットマネジメント株式会社	20201130		20240104	隔月	非対象
20230710	追加	0131420B	グローバルＥＳＧバランスファンド（為替ヘッジなし）年２回決算型	野村アセットマネジメント株式会社	20201130		20240104	年2回	非対象
20230710	追加	01317144	グローバルＲＥＩＴオープン（資産成長型）	野村アセットマネジメント株式会社	20140430		20240104	年2回	非対象
20230710	追加	01316967	小型ブルーチップオープン	野村アセットマネジメント株式会社	19960731		20240104	年2回	非対象
20230710	追加	01311842	情報エレクトロニクスファンド	野村アセットマネジメント株式会社	19840222		20240104	年1回	非対象
20230710	追加	01311007	ストラテジック・バリュー・オープン	野村アセットマネジメント株式会社	20000725		20240104	年1回	非対象
20230710	追加	01313218	脱炭素ジャパン	野村アセットマネジメント株式会社	20210823		20240104	年1回	非対象
20230710	追加	0131E099	ノムラ・アジア・シリーズ（ノムラ・印度・フォーカス）	野村アセットマネジメント株式会社	20090916		20240104	年1回	非対象
20230710	追加	0131218A	野村ＡＣＩ先進医療インパクト投資　Ａコース　為替ヘッジあり　資産成長型	野村アセットマネジメント株式会社	20181023		20240104	年2回	非対象
20230710	追加	0131318A	野村ＡＣＩ先進医療インパクト投資　Ｂコース　為替ヘッジなし　資産成長型	野村アセットマネジメント株式会社	20181023		20240104	年2回	非対象
20230710	追加	01314133	野村Ｊリートファンド	野村アセットマネジメント株式会社	20130329		20240104	年2回	非対象
20230710	追加	01313078	野村アクア投資　Ａコース	野村アセットマネジメント株式会社	20070829		20240104	年2回	非対象
20230710	追加	01314078	野村アクア投資　Ｂコース	野村アセットマネジメント株式会社	20070829		20240104	年2回	非対象
20230710	追加	0131B10B	野村インデックスファンド・外国ＲＥＩＴ	野村アセットマネジメント株式会社	20101126		20240104	年1回	非対象
20230710	追加	01315139	野村インデックスファンド・外国ＲＥＩＴ・為替ヘッジ型	野村アセットマネジメント株式会社	20130912		20240104	年1回	非対象
20230710	追加	01314139	野村インデックスファンド・外国債券・為替ヘッジ型	野村アセットマネジメント株式会社	20130912		20240104	年1回	非対象
20230710	追加	0131710B	野村インデックスファンド・新興国債券	野村アセットマネジメント株式会社	20101126		20240104	年1回	非対象
20230710	追加	0131810B	野村インデックスファンド・新興国債券・為替ヘッジ型	野村アセットマネジメント株式会社	20101126		20240104	年1回	非対象
20230710	追加	01311167	野村インデックスファンド・米国ハイ・イールド債券	野村アセットマネジメント株式会社	20160714		20240104	年1回	非対象
20230710	追加	01312167	野村インデックスファンド・米国ハイ・イールド債券・為替ヘッジ型	野村アセットマネジメント株式会社	20160714		20240104	年1回	非対象
20230710	追加	01312056	野村インド株投資	野村アセットマネジメント株式会社	20050622		20240104	年1回	非対象
20230710	追加	01311104	野村クラウド関連株式投信　Ａコース（為替ヘッジあり）	野村アセットマネジメント株式会社	20100416		20240104	年1回	非対象
20230710	追加	01312104	野村クラウド関連株式投信　Ｂコース（為替ヘッジなし）	野村アセットマネジメント株式会社	20100416		20240104	年1回	非対象
20230710	追加	01312172	野村グローバルＡＩ関連株式ファンド　Ａコース	野村アセットマネジメント株式会社	20170223		20240104	年2回	非対象
20230710	追加	01313172	野村グローバルＡＩ関連株式ファンド　Ｂコース	野村アセットマネジメント株式会社	20170223		20240104	年2回	非対象
20230710	追加	01311227	野村サステナブルセレクト（世界株式型　Ａコース）	野村アセットマネジメント株式会社	20220729		20240104	年2回	非対象
20230710	追加	01312227	野村サステナブルセレクト（世界株式型　Ｂコース）	野村アセットマネジメント株式会社	20220729		20240104	年2回	非対象
20230710	追加	01313227	野村サステナブルセレクト（世界バランス型　Ａコース）	野村アセットマネジメント株式会社	20220729		20240104	年2回	非対象
20230710	追加	01314227	野村サステナブルセレクト（世界バランス型　Ｂコース）	野村アセットマネジメント株式会社	20220729		20240104	年2回	非対象
20230710	追加	0131205A	野村世界６資産分散投信（安定コース）	野村アセットマネジメント株式会社	20051003		20240104	隔月	非対象
20230710	追加	0131405A	野村世界６資産分散投信（成長コース）	野村アセットマネジメント株式会社	20051003		20240104	隔月	非対象
20230710	追加	01311159	野村世界６資産分散投信（配分変更コース）	野村アセットマネジメント株式会社	20150928		20240104	年2回	非対象
20230710	追加	0131305A	野村世界６資産分散投信（分配コース）	野村アセットマネジメント株式会社	20051003		20240104	隔月	非対象
20230710	追加	01313098	野村世界業種別投資シリーズ（世界半導体株投資）	野村アセットマネジメント株式会社	20090827		20240104	年1回	非対象
20230710	追加	01314103	のむラップ・ファンド（積極型）	野村アセットマネジメント株式会社	20100315		20240104	年1回	対象
20230710	追加	01313103	のむラップ・ファンド（普通型）	野村アセットマネジメント株式会社	20100315		20240104	年1回	非対象
20230710	追加	01312103	のむラップ・ファンド（保守型）	野村アセットマネジメント株式会社	20100315		20240104	年1回	非対象
20230710	追加	0131516B	のむラップ・ファンド（やや積極型）	野村アセットマネジメント株式会社	20161111		20240104	年1回	非対象
20230710	追加	0131416B	のむラップ・ファンド（やや保守型）	野村アセットマネジメント株式会社	20161111		20240104	年1回	非対象
20230710	追加	01311182	野村日本割安低位株オープン	野村アセットマネジメント株式会社	20180223		20240104	年1回	非対象
20230710	追加	0131206B	野村米国好利回り社債投信　Ａコース	野村アセットマネジメント株式会社	20061130		20240104	年1回	非対象
20230710	追加	0131306B	野村米国好利回り社債投信　Ｂコース	野村アセットマネジメント株式会社	20061130		20240104	年1回	非対象
20230710	追加	0131F176	野村未来トレンド発見ファンド　Ａコース（為替ヘッジあり）	野村アセットマネジメント株式会社	20170602		20240104	年1回	非対象
20230710	追加	0131315B	野村未来トレンド発見ファンド　Ｂコース（為替ヘッジなし）	野村アセットマネジメント株式会社	20151127		20240104	年1回	非対象
20230710	追加	0131318B	米国株式配当貴族（年４回決算型）	野村アセットマネジメント株式会社	20181114		20240104	四半期	非対象
20230710	追加	0131216B	米国バリュー・ストラテジー・ファンド　Ａコース	野村アセットマネジメント株式会社	20161115		20240104	年2回	非対象
20230710	追加	0131316B	米国バリュー・ストラテジー・ファンド　Ｂコース	野村アセットマネジメント株式会社	20161115		20240104	年2回	非対象
20230710	追加	01311114	マイ・ロード	野村アセットマネジメント株式会社	20110411		20240104	年1回	非対象
20230710	追加	01313228	マイライフ・エール（資産成長型）	野村アセットマネジメント株式会社	20220822		20240104	年2回	非対象
20230710	追加	01314228	マイライフ・エール（年２％目標払出型）	野村アセットマネジメント株式会社	20220822		20240104	隔月	非対象
20230710	追加	01315228	マイライフ・エール（年６％目標払出型）	野村アセットマネジメント株式会社	20220822		20240104	隔月	非対象
20230710	追加	01312202	モルガン・スタンレー　グローバル・サステイン戦略ファンド（為替ヘッジあり）	野村アセットマネジメント株式会社	20200228		20240104	年1回	非対象
20230710	追加	01313202	モルガン・スタンレー　グローバル・サステイン戦略ファンド（為替ヘッジなし）	野村アセットマネジメント株式会社	20200228		20240104	年1回	非対象
20230710	追加	01311218	世の中を良くする企業ファンド（野村日本株ＥＳＧ投資）	野村アセットマネジメント株式会社	20210803		20240104	年1回	非対象
20230710	追加	42312195	ｉＴｒｕｓｔインカム株式（為替ヘッジなし）	ピクテ・ジャパン株式会社	20190531		20240104	年1回	非対象
20230710	追加	42311184	ｉＴｒｕｓｔインド株式	ピクテ・ジャパン株式会社	20180403		20240104	年1回	対象
20230710	追加	42311179	ｉＴｒｕｓｔエコイノベーション	ピクテ・ジャパン株式会社	20170915		20240104	年1回	非対象
20230710	追加	42312174	ｉＴｒｕｓｔ新興国株式	ピクテ・ジャパン株式会社	20170428		20240104	年1回	非対象
20230710	追加	42313162	ｉＴｒｕｓｔ世界株式	ピクテ・ジャパン株式会社	20160219		20240104	年1回	対象
20230710	追加	4231118C	ｉＴｒｕｓｔセキュリティ	ピクテ・ジャパン株式会社	20181221		20240104	年1回	非対象
20230710	追加	42312162	ｉＴｒｕｓｔバイオ	ピクテ・ジャパン株式会社	20160219		20240104	年1回	非対象
20230710	追加	42313177	ｉＴｒｕｓｔプレミアム・ブランド	ピクテ・ジャパン株式会社	20170731		20240104	年1回	非対象
20230710	追加	42311162	ｉＴｒｕｓｔロボ	ピクテ・ジャパン株式会社	20160219		20240104	年1回	非対象
20230710	追加	42311131	ピクテ・アセット・アロケーション・ファンド（１年決算型）	ピクテ・ジャパン株式会社	20130131		20240104	年1回	非対象
20230710	追加	42312188	ピクテ・エコディスカバリー・アロケーション・ファンド（年２回決算型）為替ヘッジあり	ピクテ・ジャパン株式会社	20180827		20240104	年2回	非対象
20230710	追加	4231109B	ピクテ・エコディスカバリー・アロケーション・ファンド（年２回決算型）為替ヘッジなし	ピクテ・ジャパン株式会社	20091127		20240104	年2回	非対象
20230710	追加	42312234	ピクテ・グローイング新興国株式ファンド（１年決算型）	ピクテ・ジャパン株式会社	20230421		20240104	年1回	非対象
20230710	追加	4231108A	ピクテ・グローバル・インカム株式ファンド（１年決算型）	ピクテ・ジャパン株式会社	20081031		20240104	年1回	非対象
20230710	追加	42312147	ピクテ・グローバル・インカム株式ファンド（１年決算型）フレックス・コース	ピクテ・ジャパン株式会社	20140731		20240104	年1回	非対象
20230710	追加	42311206	ピクテ・ゴールデン・リスクプレミアム・ファンド	ピクテ・ジャパン株式会社	20200626		20240104	年1回	非対象
20230710	追加	42312199	ピクテ・ゴールド（為替ヘッジなし）	ピクテ・ジャパン株式会社	20190919		20240104	年1回	非対象
20230710	追加	4231111C	ピクテ・ゴ－ルド（為替ヘッジあり）	ピクテ・ジャパン株式会社	20111228		20240104	年1回	非対象
20230710	追加	42314177	ピクテ・セキュリティ・ファンド（為替ヘッジあり）	ピクテ・ジャパン株式会社	20170724		20240104	年1回	非対象
20230710	追加	42314162	ピクテ・セキュリティ・ファンド（為替ヘッジなし）	ピクテ・ジャパン株式会社	20160229		20240104	年1回	非対象
20230710	追加	42311004	ピクテ・バイオ医薬品ファンド（１年決算型）円コース	ピクテ・ジャパン株式会社	20000414		20240104	年1回	非対象
20230710	追加	42311171	ピクテ・バイオ医薬品ファンド（１年決算型）為替ヘッジなしコース	ピクテ・ジャパン株式会社	20170118		20240104	年1回	非対象
20230710	追加	42311066	ピクテ・プレミアム・ブランド・ファンド（３ヵ月決算型）	ピクテ・ジャパン株式会社	20060630		20240104	四半期	非対象
20230710	追加	42312075	ピクテ・メジャー・プレイヤーズ・ファンド（３ヵ月決算型）	ピクテ・ジャパン株式会社	20070531		20240104	四半期	非対象
20230710	追加	42312139	ピクテ資源国ソブリン・ファンド（１年決算型）	ピクテ・ジャパン株式会社	20130913		20240104	年1回	非対象
20230710	追加	4231113A	ピクテ新興国インカム株式ファンド（１年決算型）	ピクテ・ジャパン株式会社	20131011		20240104	年1回	非対象
20230710	追加	32311236	フィデリティ・ＵＳリート・ファンド（隔月決算型）（為替ヘッジなし）	フィデリティ投信株式会社	20230627		20240104	隔月	非対象
20230710	追加	53311226	フランクリン・テンプルトン・アメリカ地方債ファンド（為替ヘッジあり）	フランクリン・テンプルトン・ジャパン株式会社	20220630	20440615	20240104	年1回	非対象
20230710	追加	53312226	フランクリン・テンプルトン・アメリカ地方債ファンド（為替ヘッジなし）	フランクリン・テンプルトン・ジャパン株式会社	20220630	20440615	20240104	年1回	非対象
20230710	追加	53311136	フランクリン・テンプルトン・オーストラリア高配当株ファンド（年２回決算型）	フランクリン・テンプルトン・ジャパン株式会社	20130628	20440920	20240104	年2回	非対象
20230710	追加	5331113A	フランクリン・テンプルトン・オーストラリア債券ファンド（年２回決算型）	フランクリン・テンプルトン・ジャパン株式会社	20131025		20240104	年2回	非対象
20230710	追加	5331118C	フランクリン・テンプルトン・グローバル・プレミア小型株ファンド（年１回決算型）	フランクリン・テンプルトン・ジャパン株式会社	20181207	20441206	20240104	年1回	非対象
20230710	追加	5331218C	フランクリン・テンプルトン・グローバル・プレミア小型株ファンド（年２回決算型）	フランクリン・テンプルトン・ジャパン株式会社	20181207	20441206	20240104	年2回	非対象
20230710	追加	53311191	フランクリン・テンプルトン・豪州インカム資産ファンド（隔月分配型）	フランクリン・テンプルトン・ジャパン株式会社	20190118	20440118	20240104	隔月	非対象
20230710	追加	53312152	フランクリン・テンプルトン・豪州インカム資産ファンド（年２回決算型）	フランクリン・テンプルトン・ジャパン株式会社	20150213	20440118	20240104	年2回	非対象
20230710	追加	53312142	フランクリン・テンプルトン・ニュージーランド債券ファンド（年２回決算型）	フランクリン・テンプルトン・ジャパン株式会社	20140228		20240104	年2回	非対象
20230710	追加	5331208A	フランクリン・テンプルトン・ブラジル国債ファンド（年２回決算型）	フランクリン・テンプルトン・ジャパン株式会社	20081031		20240104	年2回	非対象
20230710	追加	53312175	フランクリン・テンプルトン・米国連続増配株ファンド（３ヵ月決算型）	フランクリン・テンプルトン・ジャパン株式会社	20170531	20440322	20240104	四半期	非対象
20230710	追加	53311175	フランクリン・テンプルトン・米国連続増配株ファンド（年２回決算型）	フランクリン・テンプルトン・ジャパン株式会社	20170531	20440322	20240104	年2回	非対象
20230710	追加	33311963	アジア未来成長株式ファンド	ベアリングス・ジャパン株式会社	19960328		20240104	年1回	非対象
20230710	追加	33311079	アジア未来成長株式ファンド（３ヵ月決算型）	ベアリングス・ジャパン株式会社	20070903		20240104	四半期	非対象
20230710	追加	7931413A	Ｊリート・アジアミックス・オープン（資産成長型）	三井住友ＤＳアセットマネジメント株式会社	20131025		20240104	年1回	非対象
20230710	追加	79314156	ＲＯＥ向上・日本厳選株式ファンド	三井住友ＤＳアセットマネジメント株式会社	20150622		20240104	年2回	非対象
20230710	追加	79311186	ＳＭＡＭベトナム株式ファンド	三井住友ＤＳアセットマネジメント株式会社	20180601		20240104	年1回	非対象
20230710	追加	7931715B	ＳＭＢＣ円資産ファンド	三井住友ＤＳアセットマネジメント株式会社	20151112		20240104	年1回	非対象
20230710	追加	79311192	アクティブ元年・日本株ファンド	三井住友ＤＳアセットマネジメント株式会社	20190205		20240104	年1回	非対象
20230710	追加	79312215	アジアＧＸ関連株式ファンド	三井住友ＤＳアセットマネジメント株式会社	20210528		20240104	年1回	非対象
20230710	追加	79313073	アジア好配当株ファンド	三井住友ＤＳアセットマネジメント株式会社	20070302		20240104	四半期	非対象
20230710	追加	79316156	アジア好利回りリート・ファンド（年１回決算型）	三井住友ＤＳアセットマネジメント株式会社	20150612		20240104	年1回	非対象
20230710	追加	7931A09A	外国株式指数ファンド	三井住友ＤＳアセットマネジメント株式会社	20091019		20240104	年1回	対象
20230710	追加	7931120B	京都企業株式ファンド（資産成長型）	三井住友ＤＳアセットマネジメント株式会社	20201126		20240104	年1回	非対象
20230710	追加	7931220B	京都企業株式ファンド（予想分配金提示型）	三井住友ＤＳアセットマネジメント株式会社	20201126		20240104	年2回	非対象
20230710	追加	79311215	グローバルＧＸ関連株式ファンド	三井住友ＤＳアセットマネジメント株式会社	20210528		20240104	年1回	非対象
20230710	追加	79315138	コーポレート・ボンド・インカム（為替ノーヘッジ型／１年決算型）	三井住友ＤＳアセットマネジメント株式会社	20130828		20240104	年1回	非対象
20230710	追加	79314138	コーポレート・ボンド・インカム（為替ヘッジ型／１年決算型）	三井住友ＤＳアセットマネジメント株式会社	20130828		20240104	年1回	非対象
20230710	追加	7931809A	国内株式指数ファンド（ＴＯＰＩＸ）	三井住友ＤＳアセットマネジメント株式会社	20091019		20240104	年1回	非対象
20230710	追加	79317207	世界新時代株式ファンド（資産成長型）	三井住友ＤＳアセットマネジメント株式会社	20200731		20240104	年1回	非対象
20230710	追加	79313041	チャイナ騰飛（チャイナ・エクイティ・オープン）	三井住友ＤＳアセットマネジメント株式会社	20040129		20240104	年2回	非対象
20230710	追加	7931603B	トヨタ自動車／トヨタグループ株式ファンド	三井住友ＤＳアセットマネジメント株式会社	20031114		20240104	年1回	非対象
20230710	追加	79313142	ニッポン中小型株ファンド	三井住友ＤＳアセットマネジメント株式会社	20140203		20240104	年1回	非対象
20230710	追加	7931316B	ひとくふう先進国リートファンド	三井住友ＤＳアセットマネジメント株式会社	20161130		20240104	年1回	非対象
20230710	追加	79312107	ベトナム株式ファンド	三井住友ＤＳアセットマネジメント株式会社	20100701		20240104	年1回	非対象
20230710	追加	79313165	マイ・ウェイ・ジャパン	三井住友ＤＳアセットマネジメント株式会社	20160531		20240104	年1回	非対象
20230710	追加	7931198B	三井住友・２２５オープン	三井住友ＤＳアセットマネジメント株式会社	19981111		20240104	年1回	非対象
20230710	追加	79311114	三井住友・ＤＣつみたてＮＩＳＡ・全海外株インデックスファンド	三井住友ＤＳアセットマネジメント株式会社	20110418		20240104	年1回	対象
20230710	追加	7931211C	三井住友・ＤＣつみたてＮＩＳＡ・日本株インデックスファンド	三井住友ＤＳアセットマネジメント株式会社	20111209		20240104	年1回	対象
20230710	追加	79315141	三井住友・ＮＹダウ・ジョーンズ・インデックスオープン	三井住友ＤＳアセットマネジメント株式会社	20140131		20240104	年1回	非対象
20230710	追加	79312141	三井住友・ＮＹダウ・ジョーンズ・インデックスファンド（為替ノーヘッジ型）	三井住友ＤＳアセットマネジメント株式会社	20140106		20240104	年1回	対象
20230710	追加	79314146	三井住友・ＮＹダウ・ジョーンズ指数オープン（為替ヘッジあり）	三井住友ＤＳアセットマネジメント株式会社	20140623		20240104	年1回	非対象
20230710	追加	79315146	三井住友・ＮＹダウ・ジョーンズ指数オープン（為替ヘッジなし）	三井住友ＤＳアセットマネジメント株式会社	20140623		20240104	年1回	非対象
20230710	追加	79311005	三井住友・げんきシニアライフ・オ－プン	三井住友ＤＳアセットマネジメント株式会社	20000526		20240104	年2回	非対象
20230710	追加	79312179	三井住友・資産最適化ファンド（１安定重視型）	三井住友ＤＳアセットマネジメント株式会社	20170914		20240104	年1回	非対象
20230710	追加	79313179	三井住友・資産最適化ファンド（２やや安定型）	三井住友ＤＳアセットマネジメント株式会社	20170914		20240104	年1回	非対象
20230710	追加	79314179	三井住友・資産最適化ファンド（３バランス型）	三井住友ＤＳアセットマネジメント株式会社	20170914		20240104	年1回	非対象
20230710	追加	79315179	三井住友・資産最適化ファンド（４やや成長型）	三井住友ＤＳアセットマネジメント株式会社	20170914		20240104	年1回	非対象
20230710	追加	79316179	三井住友・資産最適化ファンド（５成長重視型）	三井住友ＤＳアセットマネジメント株式会社	20170914		20240104	年1回	非対象
20230710	追加	79311039	三井住友・中小型株ファンド	三井住友ＤＳアセットマネジメント株式会社	20030930		20240104	年1回	非対象
20230710	追加	79312046	三井住友・配当フォーカスオープン	三井住友ＤＳアセットマネジメント株式会社	20040622		20240104	年1回	非対象
20230710	追加	79314997	三井住友ＤＳ日本バリュー株ファンド	三井住友ＤＳアセットマネジメント株式会社	19990730		20240104	年1回	非対象
20230710	追加	79313046	大和住銀日本小型株ファンド	三井住友ＤＳアセットマネジメント株式会社	20040611		20240104	年1回	非対象
20230710	追加	79311148	ワールド・リゾート関連株式ファンド	三井住友ＤＳアセットマネジメント株式会社	20140801		20240104	年1回	非対象
20230710	追加	64311237	半導体関連　世界株式戦略ファンド	三井住友トラスト・アセットマネジメント株式会社	20230731		20240104	年1回	非対象
20230710	追加	9I311215	グローバルＡＺファンド　Ａコース	楽天投信投資顧問株式会社	20210514		20240104	年1回	非対象
20230710	追加	9I312215	グローバルＡＺファンド　Ｂコース	楽天投信投資顧問株式会社	20210514		20240104	年1回	非対象
20230710	追加	9I313215	グローバルＡＺファンド　Ｃコース	楽天投信投資顧問株式会社	20210514		20240104	年1回	非対象
20230710	追加	9I314215	グローバルＡＺファンド　Ｄコース	楽天投信投資顧問株式会社	20210514		20240104	年1回	非対象
20230710	追加	9I315215	グローバルＡＺファンド　Ｅコース	楽天投信投資顧問株式会社	20210514		20240104	年1回	非対象
20230710	追加	9I314187	楽天・インカム戦略ポートフォリオ（奇数月決算型）	楽天投信投資顧問株式会社	20180726		20240104	隔月	非対象
20230710	追加	9I316187	楽天・インカム戦略ポートフォリオ・アルファ（奇数月決算型）	楽天投信投資顧問株式会社	20180726		20240104	隔月	非対象
20230710	追加	9I311187	楽天・インデックス・バランス・ファンド（株式重視型）	楽天投信投資顧問株式会社	20180720		20240104	年1回	対象
20230710	追加	9I312187	楽天・インデックス・バランス・ファンド（均等型）	楽天投信投資顧問株式会社	20180720		20240104	年1回	対象
20230710	追加	9I313187	楽天・インデックス・バランス・ファンド（債券重視型）	楽天投信投資顧問株式会社	20180720		20240104	年1回	対象
20230710	追加	9I315216	楽天・資産づくりファンド（がっちりコース）	楽天投信投資顧問株式会社	20210611		20240104	年1回	対象
20230710	追加	9I314216	楽天・資産づくりファンド（しっかりコース）	楽天投信投資顧問株式会社	20210611		20240104	年1回	対象
20230710	追加	9I312216	楽天・資産づくりファンド（じっくりコース）	楽天投信投資顧問株式会社	20210611		20240104	年1回	対象
20230710	追加	9I313216	楽天・資産づくりファンド（なかなかコース）	楽天投信投資顧問株式会社	20210611		20240104	年1回	対象
20230710	追加	9I311216	楽天・資産づくりファンド（のんびりコース）	楽天投信投資顧問株式会社	20210611		20240104	年1回	対象
20230710	追加	9I315227	楽天・資産づくりファンドぷらす＋（がっちりコース）	楽天投信投資顧問株式会社	20220729		20240104	年1回	非対象
20230710	追加	9I314227	楽天・資産づくりファンドぷらす＋（しっかりコース）	楽天投信投資顧問株式会社	20220729		20240104	年1回	非対象
20230710	追加	9I312227	楽天・資産づくりファンドぷらす＋（じっくりコース）	楽天投信投資顧問株式会社	20220729		20240104	年1回	非対象
20230710	追加	9I313227	楽天・資産づくりファンドぷらす＋（なかなかコース）	楽天投信投資顧問株式会社	20220729		20240104	年1回	非対象
20230710	追加	9I311227	楽天・資産づくりファンドぷらす＋（のんびりコース）	楽天投信投資顧問株式会社	20220729		20240104	年1回	非対象
20230710	追加	9I31117B	楽天・新興国株式インデックス・ファンド	楽天投信投資顧問株式会社	20171117		20240104	年1回	非対象
20230710	追加	9I31122C	楽天・全世界株式（除く米国）インデックス・ファンド	楽天投信投資顧問株式会社	20221222		20240104	年1回	対象
20230710	追加	9I311179	楽天・全世界株式インデックス・ファンド	楽天投信投資顧問株式会社	20170929		20240104	年1回	対象
20230710	追加	9I311192	楽天・全世界債券インデックス（為替ヘッジ）ファンド	楽天投信投資顧問株式会社	20190215		20240104	年1回	非対象
20230710	追加	9I312179	楽天・全米株式インデックス・ファンド	楽天投信投資顧問株式会社	20170929		20240104	年1回	対象
20230710	追加	9I311206	楽天・日本株マイクロキャップ・ファンド	楽天投信投資顧問株式会社	20200612		20240104	年1回	非対象
20230710	追加	9I311181	楽天・米国高配当株式インデックス・ファンド	楽天投信投資顧問株式会社	20180110		20240104	年1回	対象
20230710	追加	9I31321B	楽天Ｊ－ＲＥＩＴ・オルタナティブデータ・ファンド	楽天投信投資顧問株式会社	20211126		20240104	年2回	非対象
20230710	追加	9I311098	楽天グローバル・バランス（安定型）	楽天投信投資顧問株式会社	20090807		20240104	年1回	非対象
20230710	追加	9I312098	楽天グローバル・バランス（成長型）	楽天投信投資顧問株式会社	20090807		20240104	年1回	非対象
20230710	追加	9I313098	楽天グローバル・バランス（積極型）	楽天投信投資顧問株式会社	20090807		20240104	年1回	非対象
20230710	追加	9I31221B	楽天グローバルＩＰＯ株式ファンド	楽天投信投資顧問株式会社	20211126		20240104	年1回	非対象
20230710	変更	09312134	シェール関連株オープン	ＳＢＩ岡三アセットマネジメント株式会社	20130425	20450407	20240104	年2回	非対象
20230710	変更	09313183	次世代モビリティオープン（為替ヘッジあり）	ＳＢＩ岡三アセットマネジメント株式会社	20180327	20450310	20240104	年1回	非対象
20230710	変更	09314183	次世代モビリティオープン（為替ヘッジなし）	ＳＢＩ岡三アセットマネジメント株式会社	20180327	20450310	20240104	年1回	非対象
20230710	変更	09312136	新経済成長ジャパン	ＳＢＩ岡三アセットマネジメント株式会社	20130628	20450616	20240104	年2回	非対象
20230710	変更	09311041	チャイナ・ロード	ＳＢＩ岡三アセットマネジメント株式会社	20040129		20240104	年2回	非対象
20230710	変更	0931118A	中国人民元ソブリンオープン	ＳＢＩ岡三アセットマネジメント株式会社	20181012		20240104	年2回	非対象
20230710	変更	09311194	日系外債オープン（為替ヘッジあり）	ＳＢＩ岡三アセットマネジメント株式会社	20190401	20450414	20240104	年2回	非対象
20230710	変更	09312194	日系外債オープン（為替ヘッジなし）	ＳＢＩ岡三アセットマネジメント株式会社	20190401	20450414	20240104	年2回	非対象
20230710	変更	0931213B	日本Ｊリートオープン（１年決算型）	ＳＢＩ岡三アセットマネジメント株式会社	20131121		20240104	年1回	非対象
20230710	変更	09311009	日本インデックスオープン２２５	ＳＢＩ岡三アセットマネジメント株式会社	20000907		20240104	年1回	非対象
20230710	変更	09311179	日本株式・Ｊリートバランスファンド	ＳＢＩ岡三アセットマネジメント株式会社	20170922		20240104	年1回	対象
20230710	変更	09312053	日本好配当リバランスオープン	ＳＢＩ岡三アセットマネジメント株式会社	20050323	20450106	20240104	四半期	非対象
20230710	変更	0931110C	日本ニューテクノロジー・オープン	ＳＢＩ岡三アセットマネジメント株式会社	20101228	20451215	20240104	年2回	非対象
20230710	変更	0931105B	日本バリュースターオープン	ＳＢＩ岡三アセットマネジメント株式会社	20051129		20240104	年1回	非対象
20230710	変更	0931115C	日本連続増配成長株オープン	ＳＢＩ岡三アセットマネジメント株式会社	20151228	20451215	20240104	四半期	非対象
20230710	変更	0931121A	米国ネクストビジョンファンド（為替ヘッジあり）	ＳＢＩ岡三アセットマネジメント株式会社	20211025	20451016	20240104	年2回	非対象
20230710	変更	0931221A	米国ネクストビジョンファンド（為替ヘッジなし）	ＳＢＩ岡三アセットマネジメント株式会社	20211025	20451016	20240104	年2回	非対象
20230710	変更	09312153	米国バイオ＆テクノロジー株オープン	ＳＢＩ岡三アセットマネジメント株式会社	20150317	20450307	20240104	四半期	非対象
20230710	変更	09311139	米国連続増配成長株オープン	ＳＢＩ岡三アセットマネジメント株式会社	20130926	20450926	20240104	年1回	非対象
20230710	変更	09311163	米国連続増配成長株オープン（３ヵ月決算型）	ＳＢＩ岡三アセットマネジメント株式会社	20160329	20450324	20240104	四半期	非対象
20230710	変更	09311136	ワールド・リート・セレクション（アジア）（年２回決算型）	ＳＢＩ岡三アセットマネジメント株式会社	20130603		20240104	年2回	非対象
20230710	変更	32313059	フィデリティ・日本配当成長株・ファンド（分配重視型）	フィデリティ投信株式会社	20050930		20240104	四半期	非対象
20230710	変更	32314185	フィデリティ・米国株式ファンドＣコース（分配重視型・為替ヘッジあり）	フィデリティ投信株式会社	20180522		20240104	四半期	非対象
20230710	変更	32315185	フィデリティ・米国株式ファンドＤコース（分配重視型・為替ヘッジなし）	フィデリティ投信株式会社	20180522		20240104	四半期	非対象
20230801	追加	51311059	ＨＳＢＣ　ＢＩＣｓオープン	ＨＳＢＣアセットマネジメント株式会社	20050930		20240104	年1回	非対象
20230801	追加	5131120B	ＨＳＢＣ　ＥＳＧ米国株式インデックスファンド	ＨＳＢＣアセットマネジメント株式会社	20201127		20240104	年1回	非対象
20230801	追加	51311075	ＨＳＢＣ　アジア・プラス	ＨＳＢＣアセットマネジメント株式会社	20070531		20240104	年1回	非対象
20230801	追加	51312075	ＨＳＢＣ　アジア・プラス（３ヶ月決算型）	ＨＳＢＣアセットマネジメント株式会社	20070531		20240104	四半期	非対象
20230801	追加	5131109A	ＨＳＢＣ　インド・インフラ株式オープン	ＨＳＢＣアセットマネジメント株式会社	20091001		20240104	年1回	非対象
20230801	追加	5131104B	ＨＳＢＣ　インドオープン	ＨＳＢＣアセットマネジメント株式会社	20041130		20240104	年1回	非対象
20230801	追加	51312079	ＨＳＢＣ　インド株式ファンド（３ヶ月決算型）	ＨＳＢＣアセットマネジメント株式会社	20070914		20240104	四半期	非対象
20230801	追加	51311156	ＨＳＢＣ　インド債券オープン（１年決算型）	ＨＳＢＣアセットマネジメント株式会社	20150629	20450626	20240104	年1回	非対象
20230801	追加	51311066	ＨＳＢＣ　新ＢＩＣｓファンド	ＨＳＢＣアセットマネジメント株式会社	20060630		20240104	年1回	非対象
20230801	追加	51312073	ＨＳＢＣ　世界資源エネルギーオープン	ＨＳＢＣアセットマネジメント株式会社	20070330		20240104	年1回	非対象
20230801	追加	51312191	ＨＳＢＣ　世界資産選抜収穫コース（予想分配金提示型）	ＨＳＢＣアセットマネジメント株式会社	20190116		20240104	隔月	非対象
20230801	追加	51311201	ＨＳＢＣ　世界資産選抜充実生活コース（定率払出型）	ＨＳＢＣアセットマネジメント株式会社	20200116		20240104	隔月	非対象
20230801	追加	51311191	ＨＳＢＣ　世界資産選抜育てるコース（資産形成型）	ＨＳＢＣアセットマネジメント株式会社	20190116		20240104	年2回	非対象
20230801	追加	51311021	ＨＳＢＣ　チャイナオープン	ＨＳＢＣアセットマネジメント株式会社	20020131		20240104	年1回	非対象
20230801	追加	51311065	ＨＳＢＣ　中国株式ファンド（３ヶ月決算型）	ＨＳＢＣアセットマネジメント株式会社	20060531		20240104	四半期	非対象
20230801	追加	51311063	ＨＳＢＣ　ブラジルオープン	ＨＳＢＣアセットマネジメント株式会社	20060331		20240104	年1回	非対象
20230801	追加	51311087	ＨＳＢＣ　ブラジル株式ファンド（３ヶ月決算型）	ＨＳＢＣアセットマネジメント株式会社	20080731		20240104	四半期	非対象
20230801	追加	51311159	ＨＳＢＣ　ワールド・セレクション（安定コース）	ＨＳＢＣアセットマネジメント株式会社	20150925		20240104	年1回	非対象
20230801	追加	51312159	ＨＳＢＣ　ワールド・セレクション（安定成長コース）	ＨＳＢＣアセットマネジメント株式会社	20150925		20240104	年1回	非対象
20230801	追加	51311184	ＨＳＢＣ　ワールド・セレクション（インカムコース）	ＨＳＢＣアセットマネジメント株式会社	20180411		20240104	隔月	非対象
20230801	追加	51313159	ＨＳＢＣ　ワールド・セレクション（成長コース）	ＨＳＢＣアセットマネジメント株式会社	20150925		20240104	年1回	対象
20230801	追加	17312137	ＪＰＭグローバル医療関連株式ファンド	ＪＰモルガン・アセット・マネジメント株式会社	20130726	20440725	20240104	四半期	非対象
20230801	追加	0931113B	アジア・オセアニア債券オープン（１年決算型）	ＳＢＩ岡三アセットマネジメント株式会社	20131106		20240104	年1回	非対象
20230801	追加	09312229	岡三フィデリティ・グローバル・コア株式ファンド（為替ヘッジあり）	ＳＢＩ岡三アセットマネジメント株式会社	20220921	20450927	20240104	年2回	非対象
20230801	追加	09311229	岡三フィデリティ・グローバル・コア株式ファンド（為替ヘッジなし）	ＳＢＩ岡三アセットマネジメント株式会社	20220921	20450927	20240104	年2回	非対象
20230801	追加	09312126	新興国連続増配成長株オープン	ＳＢＩ岡三アセットマネジメント株式会社	20120629	20450609	20240104	四半期	非対象
20230801	追加	09312237	日本中小型成長株ファンド（実績報酬型）	ＳＢＩ岡三アセットマネジメント株式会社	20230714	20450711	20240104	年2回	非対象
20230801	追加	09311141	三重県応援・債券ファンド（１年決算型）	ＳＢＩ岡三アセットマネジメント株式会社	20140121		20240104	年1回	非対象
20230801	追加	47314147	ＤＩＡＭ厳選米国株式ファンド	アセットマネジメントＯｎｅ株式会社	20140722	20490715	20240104	年1回	非対象
20230801	追加	47319139	ＭＨＡＭ米国好配当株式ファンド（年１回決算型）為替ヘッジあり	アセットマネジメントＯｎｅ株式会社	20130926	20480918	20240104	年1回	非対象
20230801	追加	4731B139	ＭＨＡＭ米国好配当株式ファンド（年１回決算型）為替ヘッジなし	アセットマネジメントＯｎｅ株式会社	20130926	20480918	20240104	年1回	非対象
20230801	追加	4731H15C	グローバル・セキュリティ株式ファンド（３ヵ月決算型）	アセットマネジメントＯｎｅ株式会社	20151218	20451218	20240104	四半期	非対象
20230801	追加	4731I15C	グローバル・セキュリティ株式ファンド（年１回決算型）	アセットマネジメントＯｎｅ株式会社	20151218	20451218	20240104	年1回	非対象
20230801	追加	47315169	グローバル・ハイクオリティ成長株式ファンド（限定為替ヘッジ）	アセットマネジメントＯｎｅ株式会社	20160930	20460906	20240104	年1回	非対象
20230801	追加	47312188	グローバル・ハイクオリティ成長株式ファンド（年２回決算型）（為替ヘッジなし）	アセットマネジメントＯｎｅ株式会社	20180801	20460906	20240104	年2回	非対象
20230801	追加	47311188	グローバル・ハイクオリティ成長株式ファンド（年２回決算型）（限定為替ヘッジ）	アセットマネジメントＯｎｅ株式会社	20180801	20460906	20240104	年2回	非対象
20230801	追加	4731221A	グローバル・ハイクオリティ成長株式ファンド（予想分配金提示型）（為替ヘッジなし）	アセットマネジメントＯｎｅ株式会社	20211025	20510906	20240104	隔月	非対象
20230801	追加	4731121A	グローバル・ハイクオリティ成長株式ファンド（予想分配金提示型）（限定為替ヘッジ）	アセットマネジメントＯｎｅ株式会社	20211025	20510906	20240104	隔月	非対象
20230801	追加	47311207	グローバルＥＳＧハイクオリティ成長株式ファンド（為替ヘッジなし）	アセットマネジメントＯｎｅ株式会社	20200720	20500714	20240104	年1回	非対象
20230801	追加	4731E13A	新光　ＵＳ－ＲＥＩＴ　オープン（年１回決算型）	アセットマネジメントＯｎｅ株式会社	20131031	20480907	20240104	年1回	非対象
20230801	追加	4731117C	新興国ハイクオリティ成長株式ファンド	アセットマネジメントＯｎｅ株式会社	20171211	20471216	20240104	年1回	非対象
20230801	追加	47318153	先進国投資適格債券ファンド（為替ヘッジあり）	アセットマネジメントＯｎｅ株式会社	20150302	20450222	20240104	四半期	非対象
20230801	追加	47314191	先進国ハイクオリティ成長株式ファンド（為替ヘッジあり）	アセットマネジメントＯｎｅ株式会社	20190131	20490114	20240104	年1回	非対象
20230801	追加	47315191	先進国ハイクオリティ成長株式ファンド（為替ヘッジなし）	アセットマネジメントＯｎｅ株式会社	20190131	20490114	20240104	年1回	非対象
20230801	追加	4731321C	ファンドスミス・グローバル・エクイティ・ファンド	アセットマネジメントＯｎｅ株式会社	20211222	20520115	20240104	年1回	非対象
20230801	追加	4731118A	フィッシャー・グローバル・スモールキャップ・エクイティ・ファンド	アセットマネジメントＯｎｅ株式会社	20181001	20480925	20240104	年1回	非対象
20230801	追加	47314158	フィッシャーＵＳマイクロ株式ファンド	アセットマネジメントＯｎｅ株式会社	20150810	20450810	20240104	年1回	非対象
20230801	追加	47319157	米国小型バリュー株ファンド　Ａコース（為替ヘッジあり）	アセットマネジメントＯｎｅ株式会社	20150706	20450619	20240104	年2回	非対象
20230801	追加	4731A157	米国小型バリュー株ファンド　Ｂコース（為替ヘッジなし）	アセットマネジメントＯｎｅ株式会社	20150706	20450619	20240104	年2回	非対象
20230801	追加	4731C139	みずほＵＳハイイールドオープン（年１回決算型）為替ヘッジあり	アセットマネジメントＯｎｅ株式会社	20130906	20480608	20240104	年1回	非対象
20230801	追加	4731D139	みずほＵＳハイイールドオープン（年１回決算型）為替ヘッジなし	アセットマネジメントＯｎｅ株式会社	20130906	20480608	20240104	年1回	非対象
20230801	追加	47311148	メディカル・サイエンス・ファンド	アセットマネジメントＯｎｅ株式会社	20140801	20490723	20240104	年2回	非対象
20230801	追加	47319127	ワールド・インフラ好配当株式ファンド（成長型）	アセットマネジメントＯｎｅ株式会社	20120731	20470712	20240104	年2回	非対象
20230801	追加	58311127	ワールド・バリュー・アロケーションＡコース（為替ヘッジあり）	アムンディ・ジャパン株式会社	20120720		20240104	年2回	非対象
20230801	追加	58312127	ワールド・バリュー・アロケーションＢコース（為替ヘッジなし）	アムンディ・ジャパン株式会社	20120720		20240104	年2回	非対象
20230801	追加	AD311179	いちよし・インベスコ　世界中小型成長株ファンド	いちよしアセットマネジメント株式会社	20170928		20240104	年1回	非対象
20230801	追加	AD311208	いちよしＳＤＧｓ中小型株ファンド	いちよしアセットマネジメント株式会社	20200821		20240104	年1回	非対象
20230801	追加	AD31114C	いちよしインフラ関連成長株ファンド	いちよしアセットマネジメント株式会社	20141205		20240104	年1回	非対象
20230801	追加	AD311187	いちよしジャパン成長株ファンド	いちよしアセットマネジメント株式会社	20180713		20240104	年1回	非対象
20230801	追加	AD311166	いちよし中小型成長株ファンド	いちよしアセットマネジメント株式会社	20160629		20240104	年1回	非対象
20230801	追加	AD311172	いちよし日本好配当株＆Ｊリートファンド　資産成長型	いちよしアセットマネジメント株式会社	20170224		20240104	年1回	非対象
20230801	追加	AD312172	いちよし日本好配当株＆Ｊリートファンド　年４回決算型	いちよしアセットマネジメント株式会社	20170224		20240104	四半期	非対象
20230801	追加	AR312185	ＴＨＥＯインカム・ＡＩファンド（世界の債券中心）	株式会社お金のデザイン	20180517		20240104	年1回	非対象
20230801	追加	AR31121A	ＴＨＥＯベスト・バランス・ファンド	株式会社お金のデザイン	20211029		20240104	年1回	非対象
20230801	追加	AR311229	お金のデザイン・エッセンシャル・プロダクツ・ファンド	株式会社お金のデザイン	20220928		20240104	年1回	非対象
20230801	追加	AR31121B	お金のデザイン・グローバル・ソーシャル・デベロップメント・ファンド	株式会社お金のデザイン	20211108		20240104	年1回	非対象
20230801	追加	AR31119C	お金のデザイン・グローバル・リアルアセット・ファンド（世界の実物資産中心）	株式会社お金のデザイン	20191216		20240104	年1回	非対象
20230801	追加	AR312173	おまかせ運用インカム・ファンド（世界の債券中心）	株式会社お金のデザイン	20170301		20240104	年1回	非対象
20230801	追加	AR313173	おまかせ運用インフレヘッジ・ファンド（世界の実物資産中心）	株式会社お金のデザイン	20170301		20240104	年1回	非対象
20230801	追加	AR311173	おまかせ運用グロース・ファンド（世界の株式中心）	株式会社お金のデザイン	20170301		20240104	年1回	非対象
20230801	追加	9A311108	ＣＡＭベトナムファンド	キャピタル　アセットマネジメント株式会社　	20100810		20240104	年2回	非対象
20230801	追加	9A311196	世界ツーリズム株式ファンド	キャピタル　アセットマネジメント株式会社　	20190628		20240104	年2回	非対象
20230801	追加	9A311105	フィリピン株ファンド	キャピタル　アセットマネジメント株式会社　	20100528		20240104	年1回	非対象
20230801	追加	3531105A	ＧＳ日本株式インデックス・プラス	ゴールドマン・サックス・アセット・マネジメント株式会社	20051003		20240104	年2回	非対象
20230801	追加	35312236	ＧＳワールド・シフト株式ファンドＡコース（限定為替ヘッジ）	ゴールドマン・サックス・アセット・マネジメント株式会社	20230613		20240104	年2回	非対象
20230801	追加	35313236	ＧＳワールド・シフト株式ファンドＢコース（為替ヘッジなし）	ゴールドマン・サックス・アセット・マネジメント株式会社	20230613		20240104	年2回	非対象
20230801	追加	5931123A	しんきんＧ７外国債券インデックスファンド（３ヵ月決算型）	しんきんアセットマネジメント投信株式会社	20231020		20240104	四半期	非対象
20230801	追加	59311239	しんきんＪリートオープン（隔月決算型）	しんきんアセットマネジメント投信株式会社	20230922		20240104	隔月	非対象
20230801	追加	5931223A	しんきんみんなの日本株ファンド	しんきんアセットマネジメント投信株式会社	20231024		20240104	年2回	非対象
20230801	追加	AH311217	グローバルＥＳＧ株式インデックスファンド	ちばぎんアセットマネジメント株式会社	20210713		20240104	年1回	非対象
20230801	追加	AH311203	ジャパンＥＳＧクオリティ２００インデックスファンド	ちばぎんアセットマネジメント株式会社	20200310		20240104	年1回	非対象
20230801	追加	AH312167	日本株好配当ファンド（年１回決算型）	ちばぎんアセットマネジメント株式会社	20160729		20240104	年1回	非対象
20230801	追加	AH311167	日本株好配当ファンド（年２回決算型）	ちばぎんアセットマネジメント株式会社	20160729		20240104	年2回	非対象
20230801	追加	AH311177	日本中小型株ファンド	ちばぎんアセットマネジメント株式会社	20170731		20240104	年1回	非対象
20230801	追加	AH311185	分散名人	ちばぎんアセットマネジメント株式会社	20180516		20240104	年1回	非対象
20230801	追加	AH312191	分散名人（国内重視型）	ちばぎんアセットマネジメント株式会社	20190131		20240104	年1回	非対象
20230801	追加	9W31122C	せとうち応援株式ファンド	中銀アセットマネジメント株式会社	20221216		20240104	年1回	非対象
20230801	追加	9W311164	先進国資産配分コントロールファンド＜安定型＞	中銀アセットマネジメント株式会社	20160428		20240104	年1回	非対象
20230801	追加	9W312164	先進国資産配分コントロールファンド＜成長型＞	中銀アセットマネジメント株式会社	20160428		20240104	年1回	非対象
20230801	追加	9W311125	ちゅうぎん日経２２５インデックスファンド	中銀アセットマネジメント株式会社	20120531		20240104	年1回	非対象
20230801	追加	9W311151	ちゅうぎん日本大型株アクティブファンド	中銀アセットマネジメント株式会社	20150130		20240104	年1回	非対象
20230801	追加	9W311222	つみたて日経２２５インデックスファンド	中銀アセットマネジメント株式会社	20220214		20240104	年1回	対象
20230801	追加	34311137	ＤＷＳグローバル公益債券ファンド（年１回決算型）Ｃコース（為替ヘッジあり）	ドイチェ・アセット・マネジメント株式会社	20130723		20240104	年1回	非対象
20230801	追加	34312137	ＤＷＳグローバル公益債券ファンド（年１回決算型）Ｄコース（為替ヘッジなし）	ドイチェ・アセット・マネジメント株式会社	20130723		20240104	年1回	非対象
20230801	追加	3431117B	ＤＷＳユーロ・ハイ・イールド債券ファンド（年１回決算型）Ｃコース（円ヘッジあり）	ドイチェ・アセット・マネジメント株式会社	20171117		20240104	年1回	非対象
20230801	追加	3431217B	ＤＷＳユーロ・ハイ・イールド債券ファンド（年１回決算型）Ｄコース（円ヘッジなし）	ドイチェ・アセット・マネジメント株式会社	20171117		20240104	年1回	非対象
20230801	追加	3431117C	ドイチェ・ＥＴＦバランス・ファンド	ドイチェ・アセット・マネジメント株式会社	20171215		20240104	年1回	対象
20230801	追加	2531200C	ＪＡ日本債券ファンド　　　　　　　　　　　　　　　　　　　　	農林中金全共連アセットマネジメント株式会社	20001222		20240104	年1回	非対象
20230801	追加	2531198B	農中日経２２５オープン　　　　　　　　　　　　　　　　　　　	農林中金全共連アセットマネジメント株式会社	19981117		20240104	年1回	非対象
20230801	追加	25312193	農林中金＜パートナーズ＞Ｊ－ＲＥＩＴインデックスファンド（年１回決算型）	農林中金全共連アセットマネジメント株式会社	20190304		20240104	年1回	非対象
20230801	追加	25311177	農林中金＜パートナーズ＞長期厳選投資　おおぶね	農林中金全共連アセットマネジメント株式会社	20170705		20240104	年1回	対象
20230801	追加	25311193	農林中金＜パートナーズ＞米国株式　Ｓ＆Ｐ５００　インデックスファンド	農林中金全共連アセットマネジメント株式会社	20190304		20240104	年1回	非対象
20230801	追加	01312238	ウエリントン・企業価値共創世界株ファンド　Ｂコース	野村アセットマネジメント株式会社	20230821		20240104	年2回	非対象
20230801	追加	0131115C	グローバル・ストック　Ａコース	野村アセットマネジメント株式会社	20151209		20240104	年2回	非対象
20230801	追加	0131215C	グローバル・ストック　Ｂコース	野村アセットマネジメント株式会社	20151209		20240104	年2回	非対象
20230801	追加	01315237	はじめてのＮＩＳＡ・新興国株式インデックス	野村アセットマネジメント株式会社	20230710		20240104	年1回	対象
20230801	追加	01312237	はじめてのＮＩＳＡ・全世界株式インデックス（オール・カントリー）	野村アセットマネジメント株式会社	20230710		20240104	年1回	対象
20230801	追加	01314237	はじめてのＮＩＳＡ・日本株式インデックス（ＴＯＰＩＸ）	野村アセットマネジメント株式会社	20230710		20240104	年1回	対象
20230801	追加	01313237	はじめてのＮＩＳＡ・日本株式インデックス（日経２２５）	野村アセットマネジメント株式会社	20230710		20240104	年1回	対象
20230801	追加	01311237	はじめてのＮＩＳＡ・米国株式インデックス（Ｓ＆Ｐ５００）	野村アセットマネジメント株式会社	20230710		20240104	年1回	対象
20230801	追加	40311159	パインブリッジ・キャピタル証券ファンド（為替ヘッジあり）	パインブリッジ・インベストメンツ株式会社	20150904	20481230	20240104	四半期	非対象
20230801	追加	40312159	パインブリッジ・キャピタル証券ファンド（為替ヘッジなし）	パインブリッジ・インベストメンツ株式会社	20150904	20481230	20240104	四半期	非対象
20230801	追加	40311181	パインブリッジ・グローバル・テクノロジー・インフラ・ファンド	パインブリッジ・インベストメンツ株式会社	20180110	20481230	20240104	年1回	非対象
20230801	追加	40311201	パインブリッジ・グローバル・テクノロジー・インフラ・ファンド（３ヵ月決算型）	パインブリッジ・インベストメンツ株式会社	20200110	20481230	20240104	四半期	非対象
20230801	追加	40312201	パインブリッジ・グローバル・テクノロジー・インフラ・ファンド＜為替ヘッジあり＞	パインブリッジ・インベストメンツ株式会社	20200110	20481230	20240104	年1回	非対象
20230801	追加	40311124	パインブリッジ日本住宅金融支援機構債ファンド	パインブリッジ・インベストメンツ株式会社	20120423	20481230	20240104	年2回	非対象
20230801	追加	42313238	ピクテ・グローバル・インカム債券ファンド（１年決算型）	ピクテ・ジャパン株式会社	20230831		20240104	年1回	非対象
20230801	追加	42312238	ピクテ・グローバル・インカム債券ファンド（隔月決算型）	ピクテ・ジャパン株式会社	20230831		20240104	隔月	非対象
20230801	追加	42311239	ピクテ・プレミアム・アセット・アロケーション・ファンド	ピクテ・ジャパン株式会社	20230908		20240104	年1回	非対象
20230801	追加	32311237	フィデリティ・Ｊリート・アクティブ・ファンド（隔月決算型）	フィデリティ投信株式会社	20230724		20240104	隔月	非対象
20230801	追加	32311239	フィデリティ・ロイヤル・コア・ファンド	フィデリティ投信株式会社	20230908		20240104	年1回	非対象
20230801	追加	4831C139	ｉシェアーズ　米国株式（Ｓ＆Ｐ５００）インデックス・ファンド	ブラックロック・ジャパン株式会社	20130903		20240104	年1回	対象
20230801	追加	48311145	ブラックロック・インデックス投資戦略ファンド	ブラックロック・ジャパン株式会社	20140528		20240104	年1回	対象
20230801	追加	4831105C	ブラックロック・インド株ファンド	ブラックロック・ジャパン株式会社	20051213		20240104	年1回	非対象
20230801	追加	48311032	ブラックロック・ゴールド・ファンド	ブラックロック・ジャパン株式会社	20030225		20240104	年1回	非対象
20230801	追加	48311952	ブラックロック・ゴールド・メタル・オープンＡコース	ブラックロック・ジャパン株式会社	19950224		20240104	年2回	非対象
20230801	追加	48312952	ブラックロック・ゴールド・メタル・オープンＢコース	ブラックロック・ジャパン株式会社	19950224		20240104	年2回	非対象
20230801	追加	48311181	ブラックロック・つみたて・グローバルバランスファンド	ブラックロック・ジャパン株式会社	20180110		20240104	年1回	対象
20230801	追加	4831O139	ブラックロック・ヘルスサイエンス・ファンド（為替ヘッジあり）	ブラックロック・ジャパン株式会社	20130927		20240104	年2回	非対象
20230801	追加	4831N139	ブラックロック・ヘルスサイエンス・ファンド（為替ヘッジなし）	ブラックロック・ジャパン株式会社	20130927		20240104	年2回	非対象
20230801	追加	48312159	ブラックロックＥＳＧ世界株式ファンド（限定為替ヘッジあり）	ブラックロック・ジャパン株式会社	20150930		20240104	年1回	非対象
20230801	追加	9M311192	ＵＳマイクロキャップ株式ファンド	ベイビュー・アセット・マネジメント株式会社	20190215		20240104	年1回	非対象
20230801	追加	79313212	ＭＦＳ米国中型成長株式ファンド（為替ヘッジあり）	三井住友ＤＳアセットマネジメント株式会社	20210210		20240104	年1回	非対象
20230801	追加	79314212	ＭＦＳ米国中型成長株式ファンド（為替ヘッジなし）	三井住友ＤＳアセットマネジメント株式会社	20210210		20240104	年1回	非対象
20230801	追加	79311238	ＴＴＩ・エマージング厳選株式ファンド	三井住友ＤＳアセットマネジメント株式会社	20230817		20240104	年1回	非対象
20230801	追加	79311162	ＵＳテクノロジー・イノベーターズ・ファンド	三井住友ＤＳアセットマネジメント株式会社	20160219		20240104	年1回	非対象
20230801	追加	7931116B	ＵＳテクノロジー・イノベーターズ・ファンド（為替ヘッジあり）	三井住友ＤＳアセットマネジメント株式会社	20161118		20240104	年1回	非対象
20230801	追加	79311963	エス・ビー・日本株オープン２２５	三井住友ＤＳアセットマネジメント株式会社	19960322		20240104	年2回	非対象
20230801	追加	79315069	グローバル・ベスト・ファンド	三井住友ＤＳアセットマネジメント株式会社	20060914		20240104	年2回	非対象
20230801	追加	79311169	グローバルＡＩファンド	三井住友ＤＳアセットマネジメント株式会社	20160909		20240104	年1回	非対象
20230801	追加	79311172	グローバルＡＩファンド（為替ヘッジあり）	三井住友ＤＳアセットマネジメント株式会社	20170210		20240104	年1回	非対象
20230801	追加	79318209	グローバルＤＸ関連株式ファンド（資産成長型）	三井住友ＤＳアセットマネジメント株式会社	20200915		20240104	年1回	非対象
20230801	追加	79314181	グローバルＥＶ関連株ファンド（為替ヘッジあり）	三井住友ＤＳアセットマネジメント株式会社	20180124		20240104	年2回	非対象
20230801	追加	79315181	グローバルＥＶ関連株ファンド（為替ヘッジなし）	三井住友ＤＳアセットマネジメント株式会社	20180124		20240104	年2回	非対象
20230801	追加	79313191	グローバルＳＤＧｓ株式ファンド	三井住友ＤＳアセットマネジメント株式会社	20190128		20240104	年1回	非対象
20230801	追加	79311174	グローバル自動運転関連株式ファンド（為替ヘッジあり）	三井住友ＤＳアセットマネジメント株式会社	20170428		20240104	年1回	非対象
20230801	追加	79312174	グローバル自動運転関連株式ファンド（為替ヘッジなし）	三井住友ＤＳアセットマネジメント株式会社	20170428		20240104	年1回	非対象
20230801	追加	79311118	高成長インド・中型株式ファンド	三井住友ＤＳアセットマネジメント株式会社	20110831		20240104	四半期	非対象
20230801	追加	7931117B	高成長インド・中型株式ファンド（年１回決算型）	三井住友ＤＳアセットマネジメント株式会社	20171122		20240104	年1回	非対象
20230801	追加	79312188	人生１００年時代・世界分散ファンド（３％目標受取型）	三井住友ＤＳアセットマネジメント株式会社	20180831		20240104	隔月	非対象
20230801	追加	79313188	人生１００年時代・世界分散ファンド（６％目標受取型）	三井住友ＤＳアセットマネジメント株式会社	20180831		20240104	隔月	非対象
20230801	追加	79311188	人生１００年時代・世界分散ファンド（資産成長型）	三井住友ＤＳアセットマネジメント株式会社	20180831		20240104	年2回	非対象
20230801	追加	79314168	世界インパクト投資ファンド	三井住友ＤＳアセットマネジメント株式会社	20160826		20240104	年2回	非対象
20230801	追加	7931B185	世界インパクト投資ファンド（資産成長型）	三井住友ＤＳアセットマネジメント株式会社	20180514		20240104	年1回	非対象
20230801	追加	7931B138	タフ・アメリカ（為替ヘッジあり　資産成長型）	三井住友ＤＳアセットマネジメント株式会社	20130828		20240104	年2回	非対象
20230801	追加	7931C138	タフ・アメリカ（為替ヘッジなし　資産成長型）	三井住友ＤＳアセットマネジメント株式会社	20130828		20240104	年2回	非対象
20230801	追加	79312136	日興エドモン・ドゥ・ロスチャイルド・ラグジュアリーファンド	三井住友ＤＳアセットマネジメント株式会社	20130627		20240104	年1回	非対象
20230801	追加	79311224	バロン・グローバル・フューチャー戦略ファンド（資産成長型）	三井住友ＤＳアセットマネジメント株式会社	20220401		20240104	年2回	非対象
20230801	追加	79311202	フード・イノベーション厳選株式ファンド	三井住友ＤＳアセットマネジメント株式会社	20200214		20240104	年2回	非対象
20230801	追加	79312186	フューチャー・バイオテック	三井住友ＤＳアセットマネジメント株式会社	20180625		20240104	年1回	非対象
20230801	追加	79311064	三井住友・グローバル・リート・オープン（１年決算型）	三井住友ＤＳアセットマネジメント株式会社	20060420		20240104	年1回	非対象
20230801	追加	79311046	三井住友・グローバル・リート・オープン（３カ月決算型）	三井住友ＤＳアセットマネジメント株式会社	20040618		20240104	四半期	非対象
20230801	追加	79315007	三井住友・日経２２５オープン	三井住友ＤＳアセットマネジメント株式会社	20000713		20240104	年1回	非対象
20230801	追加	79311151	三井住友・米国ハイクオリティ株式ファンド（為替ヘッジあり）	三井住友ＤＳアセットマネジメント株式会社	20150113		20240104	年1回	非対象
20230801	追加	79312151	三井住友・米国ハイクオリティ株式ファンド（為替ヘッジなし）	三井住友ＤＳアセットマネジメント株式会社	20150113		20240104	年1回	非対象
20230801	追加	79313233	三井住友ＤＳ・ＦＷ専用ポートフォリオ・レベル１（保守型）	三井住友ＤＳアセットマネジメント株式会社	20230324		20240104	年1回	非対象
20230801	追加	79314233	三井住友ＤＳ・ＦＷ専用ポートフォリオ・レベル２（安定型）	三井住友ＤＳアセットマネジメント株式会社	20230324		20240104	年1回	非対象
20230801	追加	79315233	三井住友ＤＳ・ＦＷ専用ポートフォリオ・レベル３（安定成長型）	三井住友ＤＳアセットマネジメント株式会社	20230324		20240104	年1回	非対象
20230801	追加	79316233	三井住友ＤＳ・ＦＷ専用ポートフォリオ・レベル４（成長型）	三井住友ＤＳアセットマネジメント株式会社	20230324		20240104	年1回	非対象
20230801	追加	79317233	三井住友ＤＳ・ＦＷ専用ポートフォリオ・レベル５（積極成長型）	三井住友ＤＳアセットマネジメント株式会社	20230324		20240104	年1回	非対象
20230801	追加	7931306C	大和住銀ＤＣ海外株式アクティブファンド	三井住友ＤＳアセットマネジメント株式会社	20061215		20240104	年1回	非対象
20230801	追加	79311185	ライフ・ジャーニー（かしこく育てるコース）	三井住友ＤＳアセットマネジメント株式会社	20180516		20240104	年2回	非対象
20230801	追加	79312185	ライフ・ジャーニー（かしこく使うコース）	三井住友ＤＳアセットマネジメント株式会社	20180516		20240104	隔月	非対象
20230801	追加	79313185	ライフ・ジャーニー（充実して楽しむコース）	三井住友ＤＳアセットマネジメント株式会社	20180516		20240104	隔月	非対象
20230801	変更	35312135	ＧＳ　米国成長株集中投資ファンド　年４回決算コース	ゴールドマン・サックス・アセット・マネジメント株式会社	20130523		20240104	四半期	非対象
20230901	追加	89311082	ＳＢＩ・ＵＴＩインドインフラ関連株式ファンド	ＳＢＩアセットマネジメント株式会社	20080229		20240104	年1回	非対象
20230901	追加	89311238	ＳＢＩ・インベスコＱＱＱ・ＮＡＳＤＡＱ１００インデックス・ファンド	ＳＢＩアセットマネジメント株式会社	20230823		20240104	年1回	非対象
20230901	追加	89316213	ＳＢＩ・コムジェスト・クオリティグロース・世界株式ファンド	ＳＢＩアセットマネジメント株式会社	20210330		20240104	年1回	非対象
20230901	追加	89315213	ＳＢＩ・コムジェスト・クオリティグロース・日本株式ファンド	ＳＢＩアセットマネジメント株式会社	20210330		20240104	年1回	非対象
20230901	追加	89311077	ＳＢＩインド＆ベトナム株ファンド	ＳＢＩアセットマネジメント株式会社	20070725		20240104	年2回	非対象
20230901	追加	8931111A	ハーベスト　アジア　フロンティア株式ファンド	ＳＢＩアセットマネジメント株式会社	20111028		20240104	年1回	非対象
20230901	追加	50311176	ＵＢＳオーストラリア債券オープン（年１回決算型）	ＵＢＳアセット・マネジメント株式会社	20170602		20240104	年1回	非対象
20230901	追加	5031213B	ＵＢＳ公益・金融社債ファンド（年１回決算型・為替ヘッジあり）	ＵＢＳアセット・マネジメント株式会社	20131115		20240104	年1回	非対象
20230901	追加	50311177	ＵＢＳ公益・金融社債ファンド（年１回決算型・為替ヘッジなし）	ＵＢＳアセット・マネジメント株式会社	20170718		20240104	年1回	非対象
20230901	追加	47312239	構造改革ジャパン	アセットマネジメントＯｎｅ株式会社	20230929	20440916	20240104	年1回	非対象
20230901	追加	4731D17B	たわらノーロード　スマートグローバルバランス（安定型）	アセットマネジメントＯｎｅ株式会社	20171124		20240104	年1回	非対象
20230901	追加	4731E17B	たわらノーロード　スマートグローバルバランス（安定成長型）	アセットマネジメントＯｎｅ株式会社	20171124		20240104	年1回	非対象
20230901	追加	4731F17B	たわらノーロード　スマートグローバルバランス（成長型）	アセットマネジメントＯｎｅ株式会社	20171124		20240104	年1回	非対象
20230901	追加	4731G17B	たわらノーロード　スマートグローバルバランス（積極型）	アセットマネジメントＯｎｅ株式会社	20171124		20240104	年1回	非対象
20230901	追加	4731C17B	たわらノーロード　スマートグローバルバランス（保守型）	アセットマネジメントＯｎｅ株式会社	20171124		20240104	年1回	非対象
20230901	追加	47311982	ハイブリッド・セレクション	アセットマネジメントＯｎｅ株式会社	19980218		20240104	年1回	非対象
20230901	追加	47311007	マネックス・日本成長株ファンド	アセットマネジメントＯｎｅ株式会社	20000726		20240104	年1回	非対象
20230901	追加	47312238	みずほ日本オールキャップ株式ファンド	アセットマネジメントＯｎｅ株式会社	20230831		20240104	年1回	非対象
20230901	追加	83311237	イーストスプリング・インドネシア株式ファンド（資産成長型）	イーストスプリング・インベストメンツ株式会社	20230731		20240104	年1回	非対象
20230901	追加	B6311239	米国株式アグレッシブ・ポートフォリオ（愛称：ＧｅｏＭａｘ）	株式会社ｓｕｓｔｅｎキャピタル・マネジメント	20230906		20240104	年1回	非対象
20230901	追加	9A311128	世界シェールガス株ファンド	キャピタル　アセットマネジメント株式会社　	20120830		20240104	年2回	非対象
20230901	追加	9A311148	ベトナム成長株インカムファンド	キャピタル　アセットマネジメント株式会社　	20140820		20240104	四半期	非対象
20230901	追加	93311181	キャピタル・インベストメント・カンパニー・オブ・アメリカＩＣＡ	キャピタル・インターナショナル株式会社	20180131		20240104	年1回	非対象
20230901	追加	93311229	キャピタル・インベストメント・カンパニー・オブ・アメリカＩＣＡ年２回決算（分配重視）　	キャピタル・インターナショナル株式会社	20220928		20240104	年2回	非対象
20230901	追加	9331107A	キャピタル世界株式ファンド	キャピタル・インターナショナル株式会社	20071029		20240104	年1回	非対象
20230901	追加	9331118B	キャピタル世界株式ファンド（限定為替ヘッジ）	キャピタル・インターナショナル株式会社	20181115		20240104	年1回	非対象
20230901	追加	9331218B	キャピタル世界株式ファンド年２回決算（分配重視）	キャピタル・インターナショナル株式会社	20181115		20240104	年2回	非対象
20230901	追加	9331318B	キャピタル世界株式ファンド年２回決算（分配重視／限定為替ヘッジ）	キャピタル・インターナショナル株式会社	20181115		20240104	年2回	非対象
20230901	追加	93311092	キャピタル日本株式ファンド	キャピタル・インターナショナル株式会社	20090226		20240104	年2回	非対象
20230901	追加	20311166	シュローダー・アジアパシフィックＥＳＧフォーカス・ファンド（資産成長型）	シュローダー・インベストメント・マネジメント株式会社	20160630	20440620	20240104	年1回	非対象
20230901	追加	AI311173	ブレンドシックス	スカイオーシャン・アセットマネジメント株式会社	20170313		20240104	年2回	非対象
20230901	追加	80311071	スパークス・Ｍ＆Ｓ・ジャパン・ファンド　	スパークス・アセット・マネジメント株式会社	20070131	20450125	20240104	年1回	非対象
20230901	追加	80311044	スパークス・アクティブ・ジャパン　　　　　　　　　　　　　　　　　　　　　　　　　　　　　　　　　　	スパークス・アセット・マネジメント株式会社	20040427		20240104	年1回	非対象
20230901	追加	80311235	スパークス・企業価値創造日本株ファンド	スパークス・アセット・マネジメント株式会社	20230515	20530514	20240104	年1回	非対象
20230901	追加	80311045	スパークス・ジャパン・オープン	スパークス・アセット・マネジメント株式会社	20040520	20450519	20240104	年1回	非対象
20230901	追加	8031100A	スパークス・ジャパン・スモール・キャップ・ファンド	スパークス・アセット・マネジメント株式会社	20001019	20451013	20240104	年1回	非対象
20230901	追加	80311175	スパークス・新・国際優良アジア株ファンド	スパークス・アセット・マネジメント株式会社	20170526		20240104	年1回	非対象
20230901	追加	8031118A	スパークス・新・国際優良日本アジア株ファンド　　　　　　　	スパークス・アセット・マネジメント株式会社	20181031		20240104	年1回	非対象
20230901	追加	80311083	スパークス・新・国際優良日本株ファンド	スパークス・アセット・マネジメント株式会社	20080328	20450327	20240104	年1回	非対象
20230901	追加	8031114C	スパークス・日本株式スチュワードシップ・ファンド	スパークス・アセット・マネジメント株式会社	20141202	20451013	20240104	年1回	非対象
20230901	追加	80311185	スパークス・ベスト・ピック・ファンド（ヘッジ型）	スパークス・アセット・マネジメント株式会社	20180501	20450414	20240104	年2回	非対象
20230901	追加	04313237	米国Ｓ＆Ｐ５００フレックス戦略ファンド	大和アセットマネジメント株式会社	20230721	20500720	20240104	年2回	非対象
20230901	追加	49311238	東京海上・米国リカバリー・ポテンシャル戦略株式ファンド	東京海上アセットマネジメント株式会社	20230829	20440603	20240104	年1回	非対象
20230901	追加	25311083	ＮＺＡＭ　日本好配当株オープン（３ヵ月決算型）　　　　　　　	農林中金全共連アセットマネジメント株式会社	20080303		20240104	四半期	非対象
20230901	追加	25316203	ＮＺＡＭ・ベータ　ＮＡＳＤＡＱ１００	農林中金全共連アセットマネジメント株式会社	20200312		20240104	年1回	非対象
20230901	追加	25315203	ＮＺＡＭ・ベータ　ＮＹダウ３０	農林中金全共連アセットマネジメント株式会社	20200312		20240104	年1回	非対象
20230901	追加	25314202	ＮＺＡＭ・ベータ　Ｓ＆Ｐ５００	農林中金全共連アセットマネジメント株式会社	20200213		20240104	年1回	対象
20230901	追加	25313233	ＮＺＡＭ・ベータ　先進国２資産（株式＋ＲＥＩＴ）	農林中金全共連アセットマネジメント株式会社	20230328		20240104	年1回	対象
20230901	追加	25312233	ＮＺＡＭ・ベータ　先進国ＲＥＩＴ	農林中金全共連アセットマネジメント株式会社	20230328		20240104	年1回	非対象
20230901	追加	25311233	ＮＺＡＭ・ベータ　先進国株式	農林中金全共連アセットマネジメント株式会社	20230328		20240104	年1回	対象
20230901	追加	25312202	ＮＺＡＭ・ベータ　日経２２５	農林中金全共連アセットマネジメント株式会社	20200213		20240104	年1回	対象
20230901	追加	25315202	ＮＺＡＭ・ベータ　日本２資産（株式＋ＲＥＩＴ）	農林中金全共連アセットマネジメント株式会社	20200213		20240104	年1回	対象
20230901	追加	25313203	ＮＺＡＭ・ベータ　日本ＲＥＩＴ	農林中金全共連アセットマネジメント株式会社	20200312		20240104	年1回	非対象
20230901	追加	25313202	ＮＺＡＭ・ベータ　米国２資産（株式＋ＲＥＩＴ）	農林中金全共連アセットマネジメント株式会社	20200213		20240104	年1回	対象
20230901	追加	25314203	ＮＺＡＭ・ベータ　米国ＲＥＩＴ	農林中金全共連アセットマネジメント株式会社	20200312		20240104	年1回	非対象
20230901	追加	0131110C	ノムラ・アジア・シリーズ（ノムラ・インドネシア・フォーカス）	野村アセットマネジメント株式会社	20101206		20240104	年1回	非対象
20230901	追加	0131320A	野村環境リーダーズ戦略ファンド　Ａコース	野村アセットマネジメント株式会社	20201026		20240104	年2回	非対象
20230901	追加	0131420A	野村環境リーダーズ戦略ファンド　Ｂコース	野村アセットマネジメント株式会社	20201026		20240104	年2回	非対象
20230901	追加	01315098	野村世界業種別投資シリーズ（世界ヘルスケア株投資）	野村アセットマネジメント株式会社	20090827		20240104	年1回	非対象
20230901	追加	32311238	フィデリティ・ＵＳハイ・イールド・ファンド（隔月決算型）（為替ヘッジなし）	フィデリティ投信株式会社	20230822		20240104	隔月	非対象
20230901	追加	79314226	いちよし・グローバル株式ファンド	三井住友ＤＳアセットマネジメント株式会社	20220630		20240104	年1回	非対象
20230901	追加	79316192	イノベーション・インデックス・シェアリングエコノミー	三井住友ＤＳアセットマネジメント株式会社	20190226		20240104	年1回	非対象
20230901	追加	7931118A	イノベーション・インデックス・フィンテック	三井住友ＤＳアセットマネジメント株式会社	20181019		20240104	年1回	非対象
20230901	追加	7931217A	三井住友・ＤＣつみたてＮＩＳＡ・世界分散ファンド	三井住友ＤＳアセットマネジメント株式会社	20171003		20240104	年1回	対象
20230901	追加	65311085	ラッセル・インベストメント世界環境テクノロジー・ファンド	ラッセル・インベストメント株式会社	20080501		20240104	年2回	非対象
20230901	追加	AJ311238	グローバル株式厳選ファンド	りそなアセットマネジメント株式会社	20230816		20240104	年1回	非対象
20230901	追加	AJ311239	りそなＪリートインデックス（年１回決算型）	りそなアセットマネジメント株式会社	20230911		20240104	年1回	非対象
20230901	追加	AJ312239	りそなＪリートインデックス（年４回決算型）	りそなアセットマネジメント株式会社	20230911		20240104	四半期	非対象
20230901	追加	AJ313239	りそなＳ＆Ｐ５００インデックス	りそなアセットマネジメント株式会社	20230911		20240104	年1回	非対象
20230901	追加	AO31119B	ＹＭＦＧ　未来共創ファンド	ワイエムアセットマネジメント株式会社	20191122	20441021	20240104	年1回	非対象
20230901	追加	AO311179	ＹＭアセット・オーストラリア好配当資産ファンド	ワイエムアセットマネジメント株式会社	20170915	20440920	20240104	四半期	非対象
20230901	追加	AO311174	ＹＭアセット・優良米国株ファンド	ワイエムアセットマネジメント株式会社	20170421		20240104	四半期	非対象
20230901	変更	83311227	イーストスプリング・インド・コア株式ファンド	イーストスプリング・インベストメンツ株式会社	20220729		20240104	年1回	非対象
20230901	変更	83312227	イーストスプリング・ベトナム株式ファンド	イーストスプリング・インベストメンツ株式会社	20220729		20240104	年1回	非対象
20231002	追加	89311239	ＳＢＩ・ｉシェアーズ・インド株式インデックス・ファンド	ＳＢＩアセットマネジメント株式会社	20230922		20240104	年1回	非対象
20231002	追加	8931206C	ＳＢＩ・ＵＴＩインドファンド	ＳＢＩアセットマネジメント株式会社	20061227		20240104	年1回	非対象
20231002	追加	8931118A	ＳＢＩグローバル・バランス・ファンド	ＳＢＩアセットマネジメント株式会社	20181004		20240104	年1回	非対象
20231002	追加	09311183	欧州ハイ・イールド債券オープン（１年決算型）円コース	ＳＢＩ岡三アセットマネジメント株式会社	20180328	20450118	20240104	年1回	非対象
20231002	追加	09312183	欧州ハイ・イールド債券オープン（１年決算型）ユーロコース	ＳＢＩ岡三アセットマネジメント株式会社	20180328	20450118	20240104	年1回	非対象
20231002	追加	09311239	世界半導体関連フォーカスファンド	ＳＢＩ岡三アセットマネジメント株式会社	20230920	20450915	20240104	年2回	非対象
20231002	追加	47316239	新光　ＵＳ－ＲＥＩＴ　オープン（隔月決算型）	アセットマネジメントＯｎｅ株式会社	20230927	20480907	20240104	隔月	非対象
20231002	追加	58311187	アムンディ・次世代医療テクノロジー・ファンド（年２回決算型）	アムンディ・ジャパン株式会社	20180731		20240104	年2回	非対象
20231002	追加	5831110C	アムンディ・日経平均オープン	アムンディ・ジャパン株式会社	20101228		20240104	年1回	非対象
20231002	追加	39311095	アライアンス・バーンスタイン・財産設計　２０２０	アライアンス・バーンスタイン株式会社	20090529		20240104	年1回	非対象
20231002	追加	39312095	アライアンス・バーンスタイン・財産設計　２０３０	アライアンス・バーンスタイン株式会社	20090529		20240104	年1回	非対象
20231002	追加	39313095	アライアンス・バーンスタイン・財産設計　２０４０	アライアンス・バーンスタイン株式会社	20090529		20240104	年1回	非対象
20231002	追加	3931115A	アライアンス・バーンスタイン・財産設計　２０５０	アライアンス・バーンスタイン株式会社	20151030		20240104	年1回	非対象
20231002	追加	3931123A	アライアンス・バーンスタイン・米国成長株投信Ｅコース隔月決算型（為替ヘッジなし）予想分配金提示型	アライアンス・バーンスタイン株式会社	20231003	20440615	20240104	隔月	非対象
20231002	追加	18311239	インベスコ　世界厳選株式オープン＜為替ヘッジあり＞（奇数月決算型）	インベスコ・アセット・マネジメント株式会社	20230922		20240104	隔月	非対象
20231002	追加	18312239	インベスコ　世界厳選株式オープン＜為替ヘッジなし＞（奇数月決算型）	インベスコ・アセット・マネジメント株式会社	20230922		20240104	隔月	非対象
20231002	追加	B631120A	グローバル債券ポートフォリオ（Ｂ）	株式会社ｓｕｓｔｅｎキャピタル・マネジメント	20201009		20240104	年1回	非対象
20231002	追加	59311037	しんきん海外ソブリン債セレクション（欧州ソブリン債ポートフォリオ）	しんきんアセットマネジメント投信株式会社	20030701		20240104	四半期	非対象
20231002	追加	59313037	しんきん海外ソブリン債セレクション（欧米ソブリン債ポートフォリオ）	しんきんアセットマネジメント投信株式会社	20030701		20240104	四半期	非対象
20231002	追加	59312037	しんきん海外ソブリン債セレクション（米国ソブリン債ポートフォリオ）	しんきんアセットマネジメント投信株式会社	20030701		20240104	四半期	非対象
20231002	追加	80312159	スパークス・プレミアム・日本超小型株式ファンド　　　　　　　	スパークス・アセット・マネジメント株式会社	20150930	20450721	20240104	年2回	非対象
20231002	追加	04311239	ダイワ・ＵＳ－ＲＥＩＴ・オープン（為替ヘッジなし／奇数月決算型）	大和アセットマネジメント株式会社	20230927	20500916	20240104	隔月	非対象
20231002	追加	04317239	ダイワ・グローバルＲＥＩＴ・オープン（為替ヘッジなし／奇数月決算型）	大和アセットマネジメント株式会社	20230927	20500915	20240104	隔月	非対象
20231002	追加	04315239	ダイワＪ－ＲＥＩＴオープン（奇数月決算型）	大和アセットマネジメント株式会社	20230927		20240104	隔月	非対象
20231002	追加	0431B138	ダイワ米国リート・ファンドⅡ（年１回決算型）	大和アセットマネジメント株式会社	20130822	20500916	20240104	年1回	非対象
20231002	追加	04316239	米国国債ファンド　為替ヘッジなし（奇数月決算型）	大和アセットマネジメント株式会社	20230927	20500926	20240104	隔月	非対象
20231002	追加	AH311222	グローバル厳選バランスファンド	ちばぎんアセットマネジメント株式会社	20220218		20240104	年1回	非対象
20231002	追加	49312197	東京海上・がんとたたかう投信（為替ヘッジあり）（年１回決算型）	東京海上アセットマネジメント株式会社	20190726	20440204	20240104	年1回	非対象
20231002	追加	49311197	東京海上・がんとたたかう投信（為替ヘッジなし）（年１回決算型）	東京海上アセットマネジメント株式会社	20190726	20440204	20240104	年1回	非対象
20231002	追加	4931123A	東京海上・世界モノポリー戦略株式ファンド（年６回決算型）	東京海上アセットマネジメント株式会社	20231017	20440715	20240104	隔月	非対象
20231002	追加	49317019	東京海上セレクション・バランス５０	東京海上アセットマネジメント株式会社	20010925		20240104	年1回	対象
20231002	追加	49318019	東京海上セレクション・バランス７０	東京海上アセットマネジメント株式会社	20010925		20240104	年1回	対象
20231002	追加	2931F21B	ＦＷニッセイ外国債インデックス	ニッセイアセットマネジメント株式会社	20211130		20240104	年1回	非対象
20231002	追加	2931E21B	ＦＷニッセイ外国債インデックス（為替ヘッジあり）	ニッセイアセットマネジメント株式会社	20211130		20240104	年1回	非対象
20231002	追加	2931G21B	ＦＷニッセイ国内株インデックス	ニッセイアセットマネジメント株式会社	20211130		20240104	年1回	非対象
20231002	追加	2931D21B	ＦＷニッセイ国内債インデックス	ニッセイアセットマネジメント株式会社	20211130		20240104	年1回	非対象
20231002	追加	2931H21B	ＦＷニッセイ国内リートインデックス	ニッセイアセットマネジメント株式会社	20211130		20240104	年1回	非対象
20231002	追加	2931L21B	ＦＷニッセイ新興国株インデックス	ニッセイアセットマネジメント株式会社	20211130		20240104	年1回	非対象
20231002	追加	2931I21B	ＦＷニッセイ新興国債インデックス	ニッセイアセットマネジメント株式会社	20211130		20240104	年1回	非対象
20231002	追加	2931J21B	ＦＷニッセイ先進国株インデックス	ニッセイアセットマネジメント株式会社	20211130		20240104	年1回	非対象
20231002	追加	2931221C	ＦＷニッセイ先進国脱炭素株インデックス	ニッセイアセットマネジメント株式会社	20211208		20240104	年1回	非対象
20231002	追加	2931K21B	ＦＷニッセイ先進国リートインデックス	ニッセイアセットマネジメント株式会社	20211130		20240104	年1回	非対象
20231002	追加	29311239	ニッセイ／サンダース・グローバルバリュー株式ファンド（資産成長型）	ニッセイアセットマネジメント株式会社	20230906	20440307	20240104	年1回	非対象
20231002	追加	29311148	ニッセイ・インド厳選株式ファンド	ニッセイアセットマネジメント株式会社	20140829	20440115	20240104	四半期	非対象
20231002	追加	29314183	ニッセイ・インド厳選株式ファンド（資産成長型）	ニッセイアセットマネジメント株式会社	20180326	20440115	20240104	年2回	非対象
20231002	追加	0131123A	３県未来ファンド	野村アセットマネジメント株式会社	20231027		20240104	年1回	非対象
20231002	追加	40311223	パインブリッジ厳選インド株式ファンド	パインブリッジ・インベストメンツ株式会社	20220328	20481230	20240104	年2回	非対象
20231002	追加	42312239	ピクテ・グローバル・インカム株式ファンド（隔月決算型）	ピクテ・ジャパン株式会社	20230929		20240104	隔月	非対象
20231002	追加	42316239	ピクテ新興国ゴールデン・リスクプレミアム・ファンド	ピクテ・ジャパン株式会社	20230929		20240104	年1回	非対象
20231002	追加	32314239	フィデリティ・日本バリューアップ・ファンド	フィデリティ投信株式会社	20230919		20240104	年1回	非対象
20231002	追加	5331123A	フランクリン・テンプルトン・アメリカ地方債ファンド（為替ヘッジなし）（隔月分配型）	フランクリン・テンプルトン・ジャパン株式会社	20231017	20440615	20240104	隔月	非対象
20231002	追加	7931323A	グローバル好配当株オープン（年１回決算型）	三井住友ＤＳアセットマネジメント株式会社	20231006		20240104	年1回	非対象
20231002	追加	7931123A	ドナルド・スミス米国ディープバリュー株式ファンド　Ａコース（為替ヘッジあり）	三井住友ＤＳアセットマネジメント株式会社	20231023		20240104	年1回	非対象
20231002	追加	7931223A	ドナルド・スミス米国ディープバリュー株式ファンド　Ｂコース（為替ヘッジなし）	三井住友ＤＳアセットマネジメント株式会社	20231023		20240104	年1回	非対象
20231002	追加	64314239	Ｊ－ＲＥＩＴ・リサーチ・オープン（奇数月決算型）	三井住友トラスト・アセットマネジメント株式会社	20230929		20240104	隔月	非対象
20231002	追加	64315239	グローバル１０資産バランスファンド	三井住友トラスト・アセットマネジメント株式会社	20230929		20240104	年1回	非対象
20231002	追加	64312239	米国地方債ファンド　為替ヘッジあり（奇数月決算型）	三井住友トラスト・アセットマネジメント株式会社	20230929		20240104	隔月	非対象
20231002	追加	64313239	米国地方債ファンド　為替ヘッジなし（奇数月決算型）	三井住友トラスト・アセットマネジメント株式会社	20230929		20240104	隔月	非対象
20231002	追加	12311238	にいがた未来応援グローバル株式ファンド	明治安田アセットマネジメント株式会社	20230828		20240104	年1回	非対象
20231002	追加	12311239	明治安田米国レベニュー債オープン（為替ヘッジなし）	明治安田アセットマネジメント株式会社	20230929		20240104	年2回	非対象
20231002	追加	9I311202	楽天・新経連株価指数ファンド	楽天投信投資顧問株式会社	20200227		20240104	年1回	非対象
20231002	追加	AJ314239	Ｓｍａｒｔ－ｉ　ＤＣ　全世界株式インデックス	りそなアセットマネジメント株式会社	20230925		20240104	年1回	非対象
20231002	追加	AJ315239	Ｓｍａｒｔ－ｉ　ＤＣ　全世界株式インデックス（除く日本）	りそなアセットマネジメント株式会社	20230925		20240104	年1回	非対象
20231002	変更	47316169	グローバル・ハイクオリティ成長株式ファンド（為替ヘッジなし）	アセットマネジメントＯｎｅ株式会社	20160930	20460906	20240104	年1回	対象
20231002	変更	4731C15A	たわらノーロード　外国債券（為替ヘッジあり）＜ラップ専用＞	アセットマネジメントＯｎｅ株式会社	20151019		20240104	年1回	非対象
20231002	変更	4731B15A	たわらノーロード　先進国株式（為替ヘッジあり）＜ラップ専用＞	アセットマネジメントＯｎｅ株式会社	20151019		20240104	年1回	非対象
20231002	変更	47318086	たわらノーロード　国内株式＜ラップ専用＞	アセットマネジメントＯｎｅ株式会社	20080603		20240104	年1回	非対象
20231002	変更	47313086	たわらノーロード　国内債券＜ラップ専用＞	アセットマネジメントＯｎｅ株式会社	20080603		20240104	年1回	非対象
20231002	変更	9H311134	コドモファンド	パリミキアセットマネジメント株式会社	20130415		20240104	年1回	非対象
20231002	変更	9H313084	浪花おふくろファンド	パリミキアセットマネジメント株式会社	20080408		20240104	年1回	非対象
20231002	変更	3231217B	フィデリティ・ＵＳハイ・イールド・ファンド（資産成長型）Ｃ（為替ヘッジあり）	フィデリティ投信株式会社	20171124		20240104	年1回	非対象
20231002	変更	32313135	フィデリティ・ＵＳハイ・イールド・ファンド（資産成長型）Ｄ（為替ヘッジなし）	フィデリティ投信株式会社	20130523		20240104	年1回	非対象
20231002	変更	0331115B	ｅＭＡＸＩＳ　ＪＡＰＡＮ　クオリティ１５０インデックス	三菱ＵＦＪアセットマネジメント株式会社	20151106		20240104	年1回	非対象
20231002	変更	03311144	ｅＭＡＸＩＳ　ＪＰＸ日経４００インデックス	三菱ＵＦＪアセットマネジメント株式会社	20140401		20240104	年1回	対象
20231002	変更	03313176	ｅＭＡＸＩＳ　ＪＰＸ日経中小型インデックス	三菱ＵＦＪアセットマネジメント株式会社	20170612		20240104	年1回	非対象
20231002	変更	0331A211	ｅＭＡＸＩＳ　ＮＡＳＤＡＱ１００インデックス	三菱ＵＦＪアセットマネジメント株式会社	20210129		20240104	年1回	非対象
20231002	変更	03311188	ｅＭＡＸＩＳ　Ｎｅｏ　遺伝子工学	三菱ＵＦＪアセットマネジメント株式会社	20180806		20240104	年1回	非対象
20231002	変更	03314195	ｅＭＡＸＩＳ　Ｎｅｏ　ウェアラブル	三菱ＵＦＪアセットマネジメント株式会社	20190528		20240104	年1回	非対象
20231002	変更	03313188	ｅＭＡＸＩＳ　Ｎｅｏ　宇宙開発	三菱ＵＦＪアセットマネジメント株式会社	20180806		20240104	年1回	非対象
20231002	変更	03312215	ｅＭＡＸＩＳ　Ｎｅｏ　クリーンテック	三菱ＵＦＪアセットマネジメント株式会社	20210507		20240104	年1回	非対象
20231002	変更	03311223	ｅＭＡＸＩＳ　Ｎｅｏ　コミュニケーションＤＸ	三菱ＵＦＪアセットマネジメント株式会社	20220304		20240104	年1回	非対象
20231002	変更	03313195	ｅＭＡＸＩＳ　Ｎｅｏ　自動運転	三菱ＵＦＪアセットマネジメント株式会社	20190528		20240104	年1回	非対象
20231002	変更	03312223	ｅＭＡＸＩＳ　Ｎｅｏ　水素エコノミー	三菱ＵＦＪアセットマネジメント株式会社	20220304		20240104	年1回	非対象
20231002	変更	03313215	ｅＭＡＸＩＳ　Ｎｅｏ　電気自動車	三菱ＵＦＪアセットマネジメント株式会社	20210507		20240104	年1回	非対象
20231002	変更	0331118C	ｅＭＡＸＩＳ　Ｎｅｏ　ドローン	三菱ＵＦＪアセットマネジメント株式会社	20181203		20240104	年1回	非対象
20231002	変更	0331218C	ｅＭＡＸＩＳ　Ｎｅｏ　ナノテクノロジー	三菱ＵＦＪアセットマネジメント株式会社	20181203		20240104	年1回	非対象
20231002	変更	0331318C	ｅＭＡＸＩＳ　Ｎｅｏ　バーチャルリアリティ	三菱ＵＦＪアセットマネジメント株式会社	20181203		20240104	年1回	非対象
20231002	変更	03312195	ｅＭＡＸＩＳ　Ｎｅｏ　フィンテック	三菱ＵＦＪアセットマネジメント株式会社	20190528		20240104	年1回	非対象
20231002	変更	03312188	ｅＭＡＸＩＳ　Ｎｅｏ　ロボット	三菱ＵＦＪアセットマネジメント株式会社	20180806		20240104	年1回	非対象
20231002	変更	03311138	ｅＭＡＸＩＳ　ＮＹダウインデックス	三菱ＵＦＪアセットマネジメント株式会社	20130807		20240104	年1回	対象
20231002	変更	03311231	ｅＭＡＸＩＳ　Ｓ＆Ｐ５００クオリティ高配当インデックス	三菱ＵＦＪアセットマネジメント株式会社	20230112		20240104	年1回	非対象
20231002	変更	03317172	ｅＭＡＸＩＳ　Ｓｌｉｍ　国内株式（ＴＯＰＩＸ）	三菱ＵＦＪアセットマネジメント株式会社	20170227		20240104	年1回	対象
20231002	変更	03311182	ｅＭＡＸＩＳ　Ｓｌｉｍ　国内株式（日経平均）	三菱ＵＦＪアセットマネジメント株式会社	20180202		20240104	年1回	対象
20231002	変更	03318172	ｅＭＡＸＩＳ　Ｓｌｉｍ　国内債券インデックス	三菱ＵＦＪアセットマネジメント株式会社	20170227		20240104	年1回	非対象
20231002	変更	0331119A	ｅＭＡＸＩＳ　Ｓｌｉｍ　国内リートインデックス	三菱ＵＦＪアセットマネジメント株式会社	20191031		20240104	年1回	非対象
20231002	変更	0331C177	ｅＭＡＸＩＳ　Ｓｌｉｍ　新興国株式インデックス	三菱ＵＦＪアセットマネジメント株式会社	20170731		20240104	年1回	対象
20231002	変更	03312184	ｅＭＡＸＩＳ　Ｓｌｉｍ　全世界株式（３地域均等型）	三菱ＵＦＪアセットマネジメント株式会社	20180403		20240104	年1回	対象
20231002	変更	0331418A	ｅＭＡＸＩＳ　Ｓｌｉｍ　全世界株式（オール・カントリー）	三菱ＵＦＪアセットマネジメント株式会社	20181031		20240104	年1回	対象
20231002	変更	03316183	ｅＭＡＸＩＳ　Ｓｌｉｍ　全世界株式（除く日本）	三菱ＵＦＪアセットマネジメント株式会社	20180319		20240104	年1回	対象
20231002	変更	03311239	ｅＭＡＸＩＳ　Ｓｌｉｍ　全米株式	三菱ＵＦＪアセットマネジメント株式会社	20230915		20240104	年1回	非対象
20231002	変更	03312175	ｅＭＡＸＩＳ　Ｓｌｉｍ　バランス（８資産均等型）	三菱ＵＦＪアセットマネジメント株式会社	20170509		20240104	年1回	対象
20231002	変更	03311187	ｅＭＡＸＩＳ　Ｓｌｉｍ　米国株式（Ｓ＆Ｐ５００）	三菱ＵＦＪアセットマネジメント株式会社	20180703		20240104	年1回	対象
20231002	変更	0331209A	ｅＭＡＸＩＳ　ＴＯＰＩＸインデックス	三菱ＵＦＪアセットマネジメント株式会社	20091028		20240104	年1回	対象
20231002	変更	03313161	ｅＭＡＸＩＳ　欧州リートインデックス	三菱ＵＦＪアセットマネジメント株式会社	20160129		20240104	年1回	非対象
20231002	変更	03311167	ｅＭＡＸＩＳ　豪州債券インデックス	三菱ＵＦＪアセットマネジメント株式会社	20160701		20240104	年1回	非対象
20231002	変更	03314161	ｅＭＡＸＩＳ　豪州リートインデックス	三菱ＵＦＪアセットマネジメント株式会社	20160129		20240104	年1回	非対象
20231002	変更	0331309A	ｅＭＡＸＩＳ　国内債券インデックス	三菱ＵＦＪアセットマネジメント株式会社	20091028		20240104	年1回	非対象
20231002	変更	0331314B	ｅＭＡＸＩＳ　国内物価連動国債インデックス	三菱ＵＦＪアセットマネジメント株式会社	20141106		20240104	年1回	非対象
20231002	変更	0331409A	ｅＭＡＸＩＳ　国内リートインデックス	三菱ＵＦＪアセットマネジメント株式会社	20091028		20240104	年1回	非対象
20231002	変更	03315158	ｅＭＡＸＩＳ　債券バランス（２資産均等型）	三菱ＵＦＪアセットマネジメント株式会社	20150827		20240104	年1回	非対象
20231002	変更	03312163	ｅＭＡＸＩＳ　最適化バランス（マイゴールキーパー）	三菱ＵＦＪアセットマネジメント株式会社	20160330		20240104	年1回	対象
20231002	変更	03316163	ｅＭＡＸＩＳ　最適化バランス（マイストライカー）	三菱ＵＦＪアセットマネジメント株式会社	20160330		20240104	年1回	対象
20231002	変更	03313163	ｅＭＡＸＩＳ　最適化バランス（マイディフェンダー）	三菱ＵＦＪアセットマネジメント株式会社	20160330		20240104	年1回	対象
20231002	変更	03315163	ｅＭＡＸＩＳ　最適化バランス（マイフォワード）	三菱ＵＦＪアセットマネジメント株式会社	20160330		20240104	年1回	対象
20231002	変更	03314163	ｅＭＡＸＩＳ　最適化バランス（マイミッドフィルダー）	三菱ＵＦＪアセットマネジメント株式会社	20160330		20240104	年1回	対象
20231002	変更	0331318A	ｅＭＡＸＩＳ　ジャパンＥＳＧセレクト・リーダーズインデックス	三菱ＵＦＪアセットマネジメント株式会社	20181022		20240104	年1回	非対象
20231002	変更	0331809A	ｅＭＡＸＩＳ　新興国株式インデックス	三菱ＵＦＪアセットマネジメント株式会社	20091028		20240104	年1回	対象
20231002	変更	03311109	ｅＭＡＸＩＳ　新興国債券インデックス	三菱ＵＦＪアセットマネジメント株式会社	20100913		20240104	年1回	非対象
20231002	変更	03313167	ｅＭＡＸＩＳ　新興国債券インデックス（為替ヘッジあり）	三菱ＵＦＪアセットマネジメント株式会社	20160701		20240104	年1回	非対象
20231002	変更	0331213B	ｅＭＡＸＩＳ　新興国リートインデックス	三菱ＵＦＪアセットマネジメント株式会社	20131118		20240104	年1回	非対象
20231002	変更	0331109A	ｅＭＡＸＩＳ　日経２２５インデックス	三菱ＵＦＪアセットマネジメント株式会社	20091028		20240104	年1回	対象
20231002	変更	03312181	ｅＭＡＸＩＳ　日経アジア３００インベスタブル・インデックス	三菱ＵＦＪアセットマネジメント株式会社	20180126		20240104	年1回	非対象
20231002	変更	03316158	ｅＭＡＸＩＳ　バランス（４資産均等型）	三菱ＵＦＪアセットマネジメント株式会社	20150827		20240104	年1回	対象
20231002	変更	0331111A	ｅＭＡＸＩＳ　バランス（８資産均等型）	三菱ＵＦＪアセットマネジメント株式会社	20111031		20240104	年1回	対象
20231002	変更	0331211A	ｅＭＡＸＩＳ　バランス（波乗り型）	三菱ＵＦＪアセットマネジメント株式会社	20111031		20240104	年1回	非対象
20231002	変更	03312161	ｅＭＡＸＩＳ　米国リートインデックス	三菱ＵＦＪアセットマネジメント株式会社	20160129		20240104	年1回	非対象
20231002	変更	0331517A	ｅＭＡＸＩＳ　マイマネージャー　１９７０ｓ	三菱ＵＦＪアセットマネジメント株式会社	20171002	20600126	20240104	年1回	対象
20231002	変更	0331617A	ｅＭＡＸＩＳ　マイマネージャー　１９８０ｓ	三菱ＵＦＪアセットマネジメント株式会社	20171002	20700124	20240104	年1回	対象
20231002	変更	0331717A	ｅＭＡＸＩＳ　マイマネージャー　１９９０ｓ	三菱ＵＦＪアセットマネジメント株式会社	20171002	20800126	20240104	年1回	対象
20231002	変更	03317004	Ｊ・エクイティ	三菱ＵＦＪアセットマネジメント株式会社	20000407		20240104	年2回	非対象
20231002	変更	03311946	Ｊオープン（小型株）	三菱ＵＦＪアセットマネジメント株式会社	19940630		20240104	年1回	非対象
20231002	変更	03314174	ＮＹダウ・インデックスファンド（為替ヘッジあり）	三菱ＵＦＪアセットマネジメント株式会社	20170424		20240104	年1回	非対象
20231002	変更	03315174	ＮＹダウ・インデックスファンド（為替ヘッジなし）	三菱ＵＦＪアセットマネジメント株式会社	20170424		20240104	年1回	非対象
20231002	変更	03311865	インデックスファンド２２５	三菱ＵＦＪアセットマネジメント株式会社	19860523		20240104	年1回	非対象
20231002	変更	03313038	エマージング・ソブリン・オープン（１年決算型）	三菱ＵＦＪアセットマネジメント株式会社	20030808		20240104	年1回	非対象
20231002	変更	0331113N	エマージング・ソブリン・オープン（資産成長型）	三菱ＵＦＪアセットマネジメント株式会社	20131106		20240104	年1回	非対象
20231002	変更	0331213N	エマージング・ソブリン・オープン（資産成長型）為替ヘッジあり	三菱ＵＦＪアセットマネジメント株式会社	20131106		20240104	年1回	非対象
20231002	変更	0331307C	エマージング株式オープン	三菱ＵＦＪアセットマネジメント株式会社	20071214		20240104	年2回	非対象
20231002	変更	03311216	グリーン・テクノロジー株式ファンド（為替ヘッジあり）	三菱ＵＦＪアセットマネジメント株式会社	20210601		20240104	年1回	非対象
20231002	変更	03312216	グリーン・テクノロジー株式ファンド（為替ヘッジなし）	三菱ＵＦＪアセットマネジメント株式会社	20210601		20240104	年1回	非対象
20231002	変更	0331497C	グローバル・ソブリン・オープン（３ヵ月決算型）	三菱ＵＦＪアセットマネジメント株式会社	19971218		20240104	四半期	非対象
20231002	変更	03313007	グローバル・ヘルスケア＆バイオ・オープン　Ｂコース（為替ヘッジなし）	三菱ＵＦＪアセットマネジメント株式会社	20000728		20240104	年1回	非対象
20231002	変更	03316042	グローバル・ヘルスケア＆バイオ・ファンド	三菱ＵＦＪアセットマネジメント株式会社	20040227		20240104	年2回	非対象
20231002	変更	0331316B	グローバル・ヘルスケア＆バイオ・ファンド（為替ヘッジあり）	三菱ＵＦＪアセットマネジメント株式会社	20161125		20240104	年2回	非対象
20231002	変更	0331120C	グローバル・リート・アクティブファンド（ラップ向け）	三菱ＵＦＪアセットマネジメント株式会社	20201218		20240104	年1回	非対象
20231002	変更	0331218B	これぞ、日本株	三菱ＵＦＪアセットマネジメント株式会社	20181116		20240104	年1回	非対象
20231002	変更	03314177	サイバーセキュリティ株式オープン（為替ヘッジあり）	三菱ＵＦＪアセットマネジメント株式会社	20170713		20240104	年1回	非対象
20231002	変更	03315177	サイバーセキュリティ株式オープン（為替ヘッジなし）	三菱ＵＦＪアセットマネジメント株式会社	20170713		20240104	年1回	非対象
20231002	変更	03311835	システム・オープン	三菱ＵＦＪアセットマネジメント株式会社	19830524		20240104	年1回	非対象
20231002	変更	03311202	次世代ＲＥＩＴオープン＜資産成長型＞（為替ヘッジあり）	三菱ＵＦＪアセットマネジメント株式会社	20200214		20240104	年2回	非対象
20231002	変更	03312202	次世代ＲＥＩＴオープン＜資産成長型＞（為替ヘッジなし）	三菱ＵＦＪアセットマネジメント株式会社	20200214		20240104	年2回	非対象
20231002	変更	03311135	次世代米国代表株ファンド	三菱ＵＦＪアセットマネジメント株式会社	20130528		20240104	四半期	非対象
20231002	変更	0331416C	次世代米国代表株ファンド（為替ヘッジあり）	三菱ＵＦＪアセットマネジメント株式会社	20161207		20240104	四半期	非対象
20231002	変更	0331414B	スマート・クオリティ・オープン（安定型）	三菱ＵＦＪアセットマネジメント株式会社	20141114		20240104	四半期	非対象
20231002	変更	03314151	スマート・クオリティ・オープン（安定型）（１年決算型）	三菱ＵＦＪアセットマネジメント株式会社	20150130		20240104	年1回	非対象
20231002	変更	0331514B	スマート・クオリティ・オープン（安定成長型）	三菱ＵＦＪアセットマネジメント株式会社	20141114		20240104	四半期	非対象
20231002	変更	03315151	スマート・クオリティ・オープン（安定成長型）（１年決算型）	三菱ＵＦＪアセットマネジメント株式会社	20150130		20240104	年1回	非対象
20231002	変更	0331614B	スマート・クオリティ・オープン（成長型）	三菱ＵＦＪアセットマネジメント株式会社	20141114		20240104	四半期	非対象
20231002	変更	03316151	スマート・クオリティ・オープン（成長型）（１年決算型）	三菱ＵＦＪアセットマネジメント株式会社	20150130		20240104	年1回	非対象
20231002	変更	03311161	世界プレミア企業債券ファンド（為替ヘッジあり）	三菱ＵＦＪアセットマネジメント株式会社	20160129		20240104	年1回	非対象
20231002	変更	03313149	世界メディカル関連株式オープン	三菱ＵＦＪアセットマネジメント株式会社	20140908		20240104	年1回	非対象
20231002	変更	03313162	先進国好配当株式ファンド（３ヵ月決算型）	三菱ＵＦＪアセットマネジメント株式会社	20160209		20240104	四半期	非対象
20231002	変更	03315172	先進国好配当株式ファンド（３ヵ月決算型）為替ヘッジあり	三菱ＵＦＪアセットマネジメント株式会社	20170221		20240104	四半期	非対象
20231002	変更	03314162	先進国好配当株式ファンド（年２回決算型）	三菱ＵＦＪアセットマネジメント株式会社	20160209		20240104	年2回	非対象
20231002	変更	03316172	先進国好配当株式ファンド（年２回決算型）為替ヘッジあり	三菱ＵＦＪアセットマネジメント株式会社	20170221		20240104	年2回	非対象
20231002	変更	03318178	つみたて４資産均等バランス	三菱ＵＦＪアセットマネジメント株式会社	20170816		20240104	年1回	対象
20231002	変更	03315178	つみたて８資産均等バランス	三菱ＵＦＪアセットマネジメント株式会社	20170816		20240104	年1回	対象
20231002	変更	03314178	つみたて新興国株式	三菱ＵＦＪアセットマネジメント株式会社	20170816		20240104	年1回	対象
20231002	変更	03313178	つみたて先進国株式	三菱ＵＦＪアセットマネジメント株式会社	20170816		20240104	年1回	対象
20231002	変更	03317178	つみたて先進国株式（為替ヘッジあり）	三菱ＵＦＪアセットマネジメント株式会社	20170816		20240104	年1回	対象
20231002	変更	03316203	つみたて全世界株式	三菱ＵＦＪアセットマネジメント株式会社	20200306		20240104	年1回	対象
20231002	変更	03312178	つみたて日本株式（ＴＯＰＩＸ）	三菱ＵＦＪアセットマネジメント株式会社	20170816		20240104	年1回	対象
20231002	変更	03316178	つみたて日本株式（日経平均）	三菱ＵＦＪアセットマネジメント株式会社	20170816		20240104	年1回	対象
20231002	変更	03315203	つみたて米国株式（Ｓ＆Ｐ５００）	三菱ＵＦＪアセットマネジメント株式会社	20200306		20240104	年1回	対象
20231002	変更	03311903	トピックスオープン	三菱ＵＦＪアセットマネジメント株式会社	19900315		20240104	年1回	非対象
20231002	変更	0331114D	日本厳選プレミアム株式オープン（年２回決算型）	三菱ＵＦＪアセットマネジメント株式会社	20140120		20240104	年2回	非対象
20231002	変更	03312196	ベイリー・ギフォード　インパクト投資ファンド	三菱ＵＦＪアセットマネジメント株式会社	20190617		20240104	年1回	非対象
20231002	変更	03313046	三菱ＵＦＪ　Ｊリートオープン（３ヵ月決算型）	三菱ＵＦＪアセットマネジメント株式会社	20040622		20240104	四半期	非対象
20231002	変更	0331313B	三菱ＵＦＪ　Ｊリートオープン（年１回決算型）	三菱ＵＦＪアセットマネジメント株式会社	20131129		20240104	年1回	非対象
20231002	変更	03311968	三菱ＵＦＪ　ＮＡＳＤＡＱオープン　Ａコース	三菱ＵＦＪアセットマネジメント株式会社	19960801		20240104	年1回	非対象
20231002	変更	03312968	三菱ＵＦＪ　ＮＡＳＤＡＱオープン　Ｂコース	三菱ＵＦＪアセットマネジメント株式会社	19960801		20240104	年1回	非対象
20231002	変更	03311013	三菱ＵＦＪ　ＴＯＰＩＸ・ファンド	三菱ＵＦＪアセットマネジメント株式会社	20010326		20240104	年1回	非対象
20231002	変更	0331298B	三菱ＵＦＪ　インデックス２２５オープン	三菱ＵＦＪアセットマネジメント株式会社	19981109		20240104	年1回	非対象
20231002	変更	03312025	三菱ＵＦＪ　インデックス２２５オープン（確定拠出年金）	三菱ＵＦＪアセットマネジメント株式会社	20020527		20240104	年1回	非対象
20231002	変更	0331A008	三菱ＵＦＪ　海外債券オープン	三菱ＵＦＪアセットマネジメント株式会社	20000811		20240104	年1回	非対象
20231002	変更	03313022	三菱ＵＦＪ　海外債券オープン（３ヵ月決算型）	三菱ＵＦＪアセットマネジメント株式会社	20020205		20240104	四半期	非対象
20231002	変更	03312046	三菱ＵＦＪ　外国株式インデックスファンド	三菱ＵＦＪアセットマネジメント株式会社	20040622		20240104	年1回	非対象
20231002	変更	03314022	三菱ＵＦＪ　外国債券オープン（確定拠出年金）	三菱ＵＦＪアセットマネジメント株式会社	20020208		20240104	年1回	非対象
20231002	変更	0331713C	三菱ＵＦＪ　グローバル・ボンド・オープン（年１回決算型）	三菱ＵＦＪアセットマネジメント株式会社	20131216		20240104	年1回	非対象
20231002	変更	03311092	三菱ＵＦＪ　国内債券インデックスファンド	三菱ＵＦＪアセットマネジメント株式会社	20090202		20240104	四半期	非対象
20231002	変更	0331122A	三菱ＵＦＪ　国内リートインデックスファンド	三菱ＵＦＪアセットマネジメント株式会社	20221003		20240104	年1回	非対象
20231002	変更	03311112	三菱ＵＦＪ　純金ファンド	三菱ＵＦＪアセットマネジメント株式会社	20110207		20240104	年1回	非対象
20231002	変更	03313083	三菱ＵＦＪ　世界国債インデックスファンド（年１回決算型）	三菱ＵＦＪアセットマネジメント株式会社	20080331		20240104	年1回	非対象
20231002	変更	03312204	三菱ＵＦＪ　先進国リートインデックスファンド	三菱ＵＦＪアセットマネジメント株式会社	20200427		20240104	年1回	非対象
20231002	変更	0331196A	三菱ＵＦＪ　チャイナオープン	三菱ＵＦＪアセットマネジメント株式会社	19961001		20240104	年1回	非対象
20231002	変更	03312004	三菱ＵＦＪ　トピックスインデックスオープン	三菱ＵＦＪアセットマネジメント株式会社	20000413		20240104	年1回	非対象
20231002	変更	03316013	三菱ＵＦＪ　トピックスオープン	三菱ＵＦＪアセットマネジメント株式会社	20010330		20240104	年1回	非対象
20231002	変更	0331C01C	三菱ＵＦＪ　トピックスオープン（確定拠出年金）	三菱ＵＦＪアセットマネジメント株式会社	20011228		20240104	年1回	非対象
20231002	変更	0331400A	三菱ＵＦＪ　日本株アクティブ・ファンド	三菱ＵＦＪアセットマネジメント株式会社	20001031		20240104	年1回	非対象
20231002	変更	03312986	三菱ＵＦＪ　日本株アクティブオープン	三菱ＵＦＪアセットマネジメント株式会社	19980630		20240104	年1回	非対象
20231002	変更	03311025	三菱ＵＦＪ　日本株アクティブオープン（確定拠出年金）	三菱ＵＦＪアセットマネジメント株式会社	20020527		20240104	年1回	非対象
20231002	変更	03311993	三菱ＵＦＪ　日本株オープン「３５」	三菱ＵＦＪアセットマネジメント株式会社	19990324		20240104	年1回	非対象
20231002	変更	03313009	三菱ＵＦＪ　バリューオープン	三菱ＵＦＪアセットマネジメント株式会社	20000929		20240104	年1回	非対象
20231002	変更	03311008	三菱ＵＦＪ　ライフセレクトファンド（安定型）	三菱ＵＦＪアセットマネジメント株式会社	20000818		20240104	年1回	非対象
20231002	変更	03312008	三菱ＵＦＪ　ライフセレクトファンド（安定成長型）	三菱ＵＦＪアセットマネジメント株式会社	20000818		20240104	年1回	非対象
20231002	変更	03313008	三菱ＵＦＪ　ライフセレクトファンド（成長型）	三菱ＵＦＪアセットマネジメント株式会社	20000818		20240104	年1回	非対象
20231002	変更	03314181	三菱ＵＦＪ／マッコーリー　グローバル・インフラ債券ファンド＜為替ヘッジあり＞（年１回決算型）	三菱ＵＦＪアセットマネジメント株式会社	20180122		20240104	年1回	非対象
20231002	変更	03315181	三菱ＵＦＪ／マッコーリー　グローバル・インフラ債券ファンド＜為替ヘッジなし＞（年１回決算型）	三菱ＵＦＪアセットマネジメント株式会社	20180122		20240104	年1回	非対象
20231002	変更	03313183	未来イノベーション成長株ファンド	三菱ＵＦＪアセットマネジメント株式会社	20180327		20240104	年1回	非対象
20231002	変更	0331112E	モルガン・スタンレー　グローバル・プレミアム株式オープン（為替ヘッジあり）	三菱ＵＦＪアセットマネジメント株式会社	20120217		20240104	年1回	非対象
20231002	変更	0331212E	モルガン・スタンレー　グローバル・プレミアム株式オープン（為替ヘッジなし）	三菱ＵＦＪアセットマネジメント株式会社	20120217		20240104	年1回	非対象
20231002	変更	03311093	優良日本株ファンド	三菱ＵＦＪアセットマネジメント株式会社	20090318		20240104	年2回	非対象
20231002	変更	03318177	ワールド・ビューティー・オープン（為替ヘッジあり）	三菱ＵＦＪアセットマネジメント株式会社	20170731		20240104	年2回	非対象
20231002	変更	03319177	ワールド・ビューティー・オープン（為替ヘッジなし）	三菱ＵＦＪアセットマネジメント株式会社	20170731		20240104	年2回	非対象
20231002	変更	03311189	わたしの未来設計＜安定重視型＞（分配コース）	三菱ＵＦＪアセットマネジメント株式会社	20180904		20240104	隔月	非対象
20231002	変更	03312189	わたしの未来設計＜安定重視型＞（分配抑制コース）	三菱ＵＦＪアセットマネジメント株式会社	20180904		20240104	年2回	非対象
20231002	変更	03313189	わたしの未来設計＜成長重視型＞（分配コース）	三菱ＵＦＪアセットマネジメント株式会社	20180904		20240104	隔月	非対象
20231002	変更	03314189	わたしの未来設計＜成長重視型＞（分配抑制コース）	三菱ＵＦＪアセットマネジメント株式会社	20180904		20240104	年2回	非対象
20231002	変更	1231601B	明治安田ＤＣ外国株式リサーチオープン	明治安田アセットマネジメント株式会社	20011130		20240104	年1回	対象
20231002	変更	12311035	明治安田ＴＯＰＩＸオープン	明治安田アセットマネジメント株式会社	20030523		20240104	年1回	非対象
20231002	変更	AJ311233	ターゲットリターンバランスファンド（目標２％）	りそなアセットマネジメント株式会社	20230317		20240104	年1回	対象
20231002	変更	AJ312233	ターゲットリターンバランスファンド（目標３％）	りそなアセットマネジメント株式会社	20230317		20240104	年1回	対象
20231002	変更	AJ313233	ターゲットリターンバランスファンド（目標４％）	りそなアセットマネジメント株式会社	20230317		20240104	年1回	対象
20231002	変更	AJ314233	ターゲットリターンバランスファンド（目標５％）	りそなアセットマネジメント株式会社	20230317		20240104	年1回	対象
20231002	変更	AJ315233	ターゲットリターンバランスファンド（目標６％）	りそなアセットマネジメント株式会社	20230317		20240104	年1回	対象
20231101	追加	AY31120A	ａｕＡＭ未来都市関連株式ファンド（為替ヘッジあり）	ａｕアセットマネジメント株式会社	20201015	20441014	20240104	年2回	非対象
20231101	追加	AY31220A	ａｕＡＭ未来都市関連株式ファンド（為替ヘッジなし）	ａｕアセットマネジメント株式会社	20201015	20441014	20240104	年2回	非対象
20231101	追加	8931223A	ＥＸＥ－ｉ　グローバルサウス株式ファンド	ＳＢＩアセットマネジメント株式会社	20231020		20240104	年1回	非対象
20231101	追加	09313239	高成長ＡＳＥＡＮ小型株式ファンド	ＳＢＩ岡三アセットマネジメント株式会社	20230927	20450825	20240104	年2回	非対象
20231101	追加	09312139	米国短期ハイ・イールド債券オープン	ＳＢＩ岡三アセットマネジメント株式会社	20130917	20450921	20240104	年2回	非対象
20231101	追加	10311112	Ｔ＆Ｄインド中小型株ファンド	Ｔ＆Ｄアセットマネジメント株式会社	20110207	20440210	20240104	年2回	非対象
20231101	追加	10311002	青のライフキャンバス・ファンド（標準型）	Ｔ＆Ｄアセットマネジメント株式会社	20000216		20240104	年1回	非対象
20231101	追加	10312002	赤のライフキャンバス・ファンド（積極型）	Ｔ＆Ｄアセットマネジメント株式会社	20000216		20240104	年1回	非対象
20231101	追加	10311996	大同リサーチ＆アクティブオープン	Ｔ＆Ｄアセットマネジメント株式会社	19990630		20240104	年1回	非対象
20231101	追加	50311132	ＵＢＳ米国成長株式リスク・コントロール・ファンド	ＵＢＳアセット・マネジメント株式会社	20130215		20240104	年1回	非対象
20231101	追加	47312232	シュローダー・サステナブル・世界株ファンド（為替ヘッジなし）	アセットマネジメントＯｎｅ株式会社	20230227	20530225	20240104	年1回	非対象
20231101	追加	47311232	シュローダー・サステナブル・世界株ファンド（限定為替ヘッジ）	アセットマネジメントＯｎｅ株式会社	20230227	20530225	20240104	年1回	非対象
20231101	追加	55315165	ステート・ストリート先進国債券インデックス・オープン	ステート・ストリート・グローバル・アドバイザーズ株式会社	20160509		20240104	年1回	非対象
20231101	追加	55316165	ステート・ストリート先進国債券インデックス・オープン（為替ヘッジあり）	ステート・ストリート・グローバル・アドバイザーズ株式会社	20160509		20240104	年1回	非対象
20231101	追加	04314239	日本企業ＰＢＲ向上ファンド	大和アセットマネジメント株式会社	20230925	20500922	20240104	年2回	非対象
20231101	追加	0131F16A	ファンドラップ（ウエルス・スクエア）ＲＥＩＴ	野村アセットマネジメント株式会社	20161020		20240104	年1回	非対象
20231101	追加	0131B16A	ファンドラップ（ウエルス・スクエア）外国株式	野村アセットマネジメント株式会社	20161020		20240104	年1回	非対象
20231101	追加	0131E16A	ファンドラップ（ウエルス・スクエア）外国債券	野村アセットマネジメント株式会社	20161020		20240104	年1回	非対象
20231101	追加	0131C16A	ファンドラップ（ウエルス・スクエア）債券・安定型	野村アセットマネジメント株式会社	20161020		20240104	年1回	非対象
20231101	追加	01311184	ファンドラップ（ウエルス・スクエア）債券・安定型プラス	野村アセットマネジメント株式会社	20180409		20240104	年1回	非対象
20231101	追加	0131D16A	ファンドラップ（ウエルス・スクエア）債券・成長型	野村アセットマネジメント株式会社	20161020		20240104	年1回	非対象
20231101	追加	0131A16A	ファンドラップ（ウエルス・スクエア）日本株式	野村アセットマネジメント株式会社	20161020		20240104	年1回	非対象
20231101	追加	4831M139	ｉシェアーズ　ゴールドインデックス・ファンド（為替ヘッジなし）	ブラックロック・ジャパン株式会社	20130926		20240104	年1回	非対象
20231101	追加	79313224	クライメート・ソリューション・ファンド	三井住友ＤＳアセットマネジメント株式会社	20220422		20240104	年1回	非対象
20231101	追加	03316215	ＭＵＦＧ　ウェルス・インサイト・ファンド（積極型）	三菱ＵＦＪアセットマネジメント株式会社	20210525		20240104	年1回	非対象
20231101	追加	03315215	ＭＵＦＧ　ウェルス・インサイト・ファンド（標準型）	三菱ＵＦＪアセットマネジメント株式会社	20210525		20240104	年1回	非対象
20231101	追加	03314215	ＭＵＦＧ　ウェルス・インサイト・ファンド（保守型）	三菱ＵＦＪアセットマネジメント株式会社	20210525		20240104	年1回	非対象
20231101	追加	AJ31123A	りそな米国株式配当貴族インデックス（年１回決算型）	りそなアセットマネジメント株式会社	20231016		20240104	年1回	非対象
20231101	追加	AJ31223A	りそな米国株式配当貴族インデックス（年４回決算型）	りそなアセットマネジメント株式会社	20231016		20240104	四半期	非対象
20231101	追加	AO31116B	ＹＭアセット・好配当日本株ファンド	ワイエムアセットマネジメント株式会社	20161101		20240104	四半期	非対象
20231101	追加	AO311166	ＹＭアセット・バランスファンド（安定タイプ）	ワイエムアセットマネジメント株式会社	20160624		20240104	年1回	非対象
20231101	追加	AO312166	ＹＭアセット・バランスファンド（成長タイプ）	ワイエムアセットマネジメント株式会社	20160624		20240104	年1回	非対象
20231101	変更	04311181	ｉＦｒｅｅＮＥＸＴ　ＦＡＮＧ＋インデックス	大和アセットマネジメント株式会社	20180131		20240104	年1回	対象
20231101	変更	04317188	ｉＦｒｅｅＮＥＸＴ　ＮＡＳＤＡＱ１００インデックス	大和アセットマネジメント株式会社	20180831		20240104	年1回	対象
20231101	追加	4831207C	ブラックロック天然資源株ファンド	ブラックロック・ジャパン株式会社	20071221		20240217	四半期	非対象
20231122	追加	AE312241	あおぞら・　新グローバル・プレミアム・ファンド（当初漸増期間付、限定追加型）　２０２４－０１	あおぞら投信株式会社	20240131	20451020	20240131	年1回	非対象
20231122	追加	AE313241	あおぞら・新グローバル・プレミアム・ファンド	あおぞら投信株式会社	20240131		20240131	年1回	非対象
20231129	追加	3231197C	フィデリティ・グローバル・ファンド	フィデリティ投信株式会社	19971201		20240228	年1回	非対象
20231201	追加	AY313189	ａｕスマート・プライム（成長）	ａｕアセットマネジメント株式会社	20180919		20240104	年1回	非対象
20231201	追加	8931114C	ＳＢＩグローバル・ラップファンド（安定型）	ＳＢＩアセットマネジメント株式会社	20141211		20240104	年1回	非対象
20231201	追加	8931214C	ＳＢＩグローバル・ラップファンド（積極型）	ＳＢＩアセットマネジメント株式会社	20141211		20240104	年1回	非対象
20231201	追加	0931123C	ＲＯＢＯＰＲＯファンド	ＳＢＩ岡三アセットマネジメント株式会社	20231228	20451219	20240104	年2回	非対象
20231201	追加	0931223C	シン・インド割安成長株ファンド	ＳＢＩ岡三アセットマネジメント株式会社	20231227	20451222	20240104	年2回	非対象
20231201	追加	4731723C	Ｏｎｅ／フィデリティ・ブルーチップ・グロース株式ファンド（隔月決算・予想分配金提示型）	アセットマネジメントＯｎｅ株式会社	20231212		20240104	隔月	非対象
20231201	追加	4731623C	Ｏｎｅ／フィデリティ・ブルーチップ・グロース株式ファンド（成長型）	アセットマネジメントＯｎｅ株式会社	20231212		20240104	年2回	非対象
20231201	追加	AD31323C	いちよしファンドラップ専用投資信託　Ｎ　オルタナティブ	いちよしアセットマネジメント株式会社	20231213		20240104	年1回	非対象
20231201	追加	AD31123C	いちよしファンドラップ専用投資信託　Ｎ　内外株式	いちよしアセットマネジメント株式会社	20231213		20240104	年1回	非対象
20231201	追加	AD31223C	いちよしファンドラップ専用投資信託　Ｎ　内外債券	いちよしアセットマネジメント株式会社	20231213		20240104	年1回	非対象
20231201	追加	93311176	キャピタル・ニューワールド・ファンドＡコース（米ドル売り円買い）	キャピタル・インターナショナル株式会社	20170627		20240104	年1回	非対象
20231201	追加	93312176	キャピタル・ニューワールド・ファンドＢコース（為替ヘッジなし）	キャピタル・インターナショナル株式会社	20170627		20240104	年1回	非対象
20231201	追加	3531123B	ＧＳグローバル・パーシャルヘッジ社債ファンド	ゴールドマン・サックス・アセット・マネジメント株式会社	20231121		20240104	年2回	非対象
20231201	追加	04314233	ｉＦｒｅｅＮＥＸＴ　インド株インデックス	大和アセットマネジメント株式会社	20230313		20240104	年1回	非対象
20231201	追加	0431423B	ｉＦｒｅｅＮＥＸＴ　日経連続増配株指数（資産成長型）	大和アセットマネジメント株式会社	20231122		20240104	年2回	非対象
20231201	追加	0431523B	ｉＦｒｅｅＮＥＸＴ　日経連続増配株指数（年４回決算型）	大和アセットマネジメント株式会社	20231122		20240104	四半期	非対象
20231201	追加	0431F23C	ベストポート５（積極型）	大和アセットマネジメント株式会社	20231211	20501215	20240104	年2回	非対象
20231201	追加	0431D23C	ベストポート５（バランス型）	大和アセットマネジメント株式会社	20231211	20501215	20240104	年2回	非対象
20231201	追加	0431B23C	ベストポート５（保守型）	大和アセットマネジメント株式会社	20231211	20501215	20240104	年2回	非対象
20231201	追加	0431E23C	ベストポート５（やや積極型）	大和アセットマネジメント株式会社	20231211	20501215	20240104	年2回	非対象
20231201	追加	0431C23C	ベストポート５（やや保守型）	大和アセットマネジメント株式会社	20231211	20501215	20240104	年2回	非対象
20231201	追加	AW31123C	ティー・ロウ・プライス　ニュー・ホライズン・ファンド　Ａコース（為替ヘッジあり）	ティー・ロウ・プライス・ジャパン株式会社	20231220		20240104	年1回	非対象
20231201	追加	AW31223C	ティー・ロウ・プライス　ニュー・ホライズン・ファンド　Ｂコース（為替ヘッジなし）	ティー・ロウ・プライス・ジャパン株式会社	20231220		20240104	年1回	非対象
20231201	追加	29312239	ニッセイ／サンダース・グローバルバリュー株式ファンド（隔月予想分配金提示型）	ニッセイアセットマネジメント株式会社	20230906	20440307	20240104	隔月	非対象
20231201	追加	BD31123B	ＶＴＸ　生涯設計プラス３０／７０（年３％目標払出型）	バーテックス・インベストメント・ソリューションズ株式会社	20231130		20240104	隔月	非対象
20231201	追加	BD31123A	ＶＴＸ　生涯設計プラス６０／４０（資産成長型）	バーテックス・インベストメント・ソリューションズ株式会社	20231031		20240104	年2回	非対象
20231201	追加	4831123B	つみたてｉシェアーズ　米国株式（Ｓ＆Ｐ５００）インデックス・ファンド	ブラックロック・ジャパン株式会社	20231117		20240104	年1回	対象
20231201	追加	7931107C	アセアン成長国株ファンド	三井住友ＤＳアセットマネジメント株式会社	20071214		20240104	年2回	非対象
20231201	追加	79311154	アセットアロケーション・ファンド（安定型）	三井住友ＤＳアセットマネジメント株式会社	20150417		20240104	年1回	非対象
20231201	追加	79312154	アセットアロケーション・ファンド（安定成長型）	三井住友ＤＳアセットマネジメント株式会社	20150417		20240104	年1回	非対象
20231201	追加	79313154	アセットアロケーション・ファンド（成長型）	三井住友ＤＳアセットマネジメント株式会社	20150417		20240104	年1回	非対象
20231201	追加	79311949	三井住友・日本株オープン	三井住友ＤＳアセットマネジメント株式会社	19940928		20240104	年1回	非対象
20231201	追加	7931421K	三井住友ＤＳ・ＴＯＰＩＸインデックス・ファンド	三井住友ＤＳアセットマネジメント株式会社	20210823		20240104	年1回	非対象
20231201	追加	7931C21K	三井住友ＤＳ・ゴールドインデックス・ファンド（為替ヘッジあり）	三井住友ＤＳアセットマネジメント株式会社	20210823		20240104	年1回	非対象
20231201	追加	7931A21K	三井住友ＤＳ・国内リートインデックス・ファンド	三井住友ＤＳアセットマネジメント株式会社	20210823		20240104	年1回	非対象
20231201	追加	7931721K	三井住友ＤＳ・新興国株式インデックス・ファンド	三井住友ＤＳアセットマネジメント株式会社	20210823		20240104	年1回	非対象
20231201	追加	7931921K	三井住友ＤＳ・新興国債インデックス・ファンド	三井住友ＤＳアセットマネジメント株式会社	20210823		20240104	年1回	非対象
20231201	追加	7931621K	三井住友ＤＳ・先進国株式インデックス・ファンド	三井住友ＤＳアセットマネジメント株式会社	20210823		20240104	年1回	非対象
20231201	追加	7931821K	三井住友ＤＳ・先進国債インデックス・ファンド	三井住友ＤＳアセットマネジメント株式会社	20210823		20240104	年1回	非対象
20231201	追加	7931B21K	三井住友ＤＳ・先進国リートインデックス・ファンド	三井住友ＤＳアセットマネジメント株式会社	20210823		20240104	年1回	非対象
20231201	追加	7931521K	三井住友ＤＳ・日経２２５インデックス・ファンド	三井住友ＤＳアセットマネジメント株式会社	20210823		20240104	年1回	非対象
20231201	追加	7931500B	大和住銀日本グロース株ファンド	三井住友ＤＳアセットマネジメント株式会社	20001117		20240104	年1回	非対象
20231201	追加	6431223C	ＮＷＱフレキシブル・インカムファンド　為替ヘッジあり（奇数月決算型）	三井住友トラスト・アセットマネジメント株式会社	20231215		20240104	隔月	非対象
20231201	追加	6431323C	ＮＷＱフレキシブル・インカムファンド　為替ヘッジなし（奇数月決算型）	三井住友トラスト・アセットマネジメント株式会社	20231215		20240104	隔月	非対象
20231201	追加	6431323B	ＳＭＴ　ｉＰｌｕｓ　全世界株式	三井住友トラスト・アセットマネジメント株式会社	20231127		20240104	年1回	非対象
20231201	追加	6431223B	ＳＭＴ　ｉＰｌｕｓ　米国株式	三井住友トラスト・アセットマネジメント株式会社	20231127		20240104	年1回	非対象
20231201	追加	6431423C	ＳＭＴＡＭインド株式インデックス・オープン	三井住友トラスト・アセットマネジメント株式会社	20231215		20240104	年1回	非対象
20231201	追加	6431123C	オーストラリア公社債ファンド（奇数月決算型）	三井住友トラスト・アセットマネジメント株式会社	20231204		20240104	隔月	非対象
20231201	追加	03312211	ＧＲＡＮ　ＮＥＸＴ　エネルギー	三菱ＵＦＪアセットマネジメント株式会社	20210119		20240104	年1回	非対象
20231201	追加	03313211	ＧＲＡＮ　ＮＥＸＴ　テクノロジー	三菱ＵＦＪアセットマネジメント株式会社	20210119		20240104	年1回	非対象
20231201	追加	03315211	ＧＲＡＮ　ＮＥＸＴ　ヘルスサイエンス	三菱ＵＦＪアセットマネジメント株式会社	20210119		20240104	年1回	非対象
20231201	追加	03316211	ＧＲＡＮ　ＮＥＸＴ　モビリティ	三菱ＵＦＪアセットマネジメント株式会社	20210119		20240104	年1回	非対象
20231201	追加	0331200B	いちよし　公開ベンチャー・ファンド	三菱ＵＦＪアセットマネジメント株式会社	20001130		20240104	年1回	非対象
20231201	追加	0331117B	いちよし　ジャパン・ベンチャー・ファンド	三菱ＵＦＪアセットマネジメント株式会社	20171117		20240104	年1回	非対象
20231201	追加	0331113C	三菱ＵＦＪ　豪ドル債券インカムオープン（年１回決算型）	三菱ＵＦＪアセットマネジメント株式会社	20131206		20240104	年1回	非対象
20231201	追加	0331323B	三菱ＵＦＪ／マッコーリー　グローバル・インフラ債券ファンド＜為替ヘッジなし＞（隔月決算型）	三菱ＵＦＪアセットマネジメント株式会社	20231130		20240104	隔月	非対象
20231201	追加	0331123B	モルガン・スタンレー　グローバル・プレミアム株式オープン＜隔月決算型＞（為替ヘッジあり）予想分配金提示型	三菱ＵＦＪアセットマネジメント株式会社	20231130		20240104	隔月	非対象
20231201	追加	0331223B	モルガン・スタンレー　グローバル・プレミアム株式オープン＜隔月決算型＞（為替ヘッジなし）予想分配金提示型	三菱ＵＦＪアセットマネジメント株式会社	20231130		20240104	隔月	非対象
20231201	変更	47312201	たわらノーロード　フォーカス　ＡＩ	アセットマネジメントＯｎｅ株式会社	20200116		20240104	年1回	非対象
20231201	変更	47311201	たわらノーロード　フォーカス　次世代通信	アセットマネジメントＯｎｅ株式会社	20200116		20240104	年1回	非対象
20231201	変更	47313201	たわらノーロード　フォーカス　フィンテック	アセットマネジメントＯｎｅ株式会社	20200116		20240104	年1回	非対象
20231201	変更	47315201	たわらノーロード　フォーカス　ロボット・テクノロジー	アセットマネジメントＯｎｅ株式会社	20200116		20240104	年1回	非対象
20231201	変更	0431119C	米国小型株グロース・ファンド	大和アセットマネジメント株式会社	20191202	20500815	20240104	年2回	非対象
20231201	変更	29314239	ＤＣニッセイ全世界株式インデックスコレクト	ニッセイアセットマネジメント株式会社	20230915		20240104	年1回	対象
20231201	変更	53311137	フランクリン・テンプルトン・アメリカ高配当株ファンド（３ヵ月決算型）	フランクリン・テンプルトン・ジャパン株式会社	20130719	20440218	20240104	四半期	非対象
20231201	変更	53312133	フランクリン・テンプルトン・アメリカ高配当株ファンド（年２回決算型）	フランクリン・テンプルトン・ジャパン株式会社	20130308	20440218	20240104	年2回	非対象
20231201	変更	0331220C	ｅＭＡＸＩＳ　Ｓ＆Ｐ５００インデックス	三菱ＵＦＪアセットマネジメント株式会社	20201214		20240104	年1回	対象
20231213	追加	4731F13C	インカムビルダー（年１回決算型）為替ヘッジなし	アセットマネジメントＯｎｅ株式会社	20131218	20480423	20240124	年1回	非対象
20231213	追加	4731D13C	インカムビルダー（年１回決算型）限定為替ヘッジ	アセットマネジメントＯｎｅ株式会社	20131218	20480423	20240124	年1回	非対象
20231213	追加	47316139	バンクローン・ファンド（ヘッジあり／年１回決算型）	アセットマネジメントＯｎｅ株式会社	20130930	20480610	20240312	年1回	非対象
20231213	追加	47314139	バンクローン・ファンド（ヘッジなし／年１回決算型）	アセットマネジメントＯｎｅ株式会社	20130930	20480610	20240312	年1回	非対象
20231219	追加	AY311238	ａｕＡＭ　Ｎｉｆｔｙ５０インド株ファンド	ａｕアセットマネジメント株式会社	20230829		20240104	年1回	非対象
20231219	追加	5131123C	ＨＳＢＣ　世界資産選抜種まきコース（安定運用型）	ＨＳＢＣアセットマネジメント株式会社	20231218		20240104	年2回	非対象
20231219	追加	89311079	ＳＢＩ・フラトンＶＰＩＣファンド	ＳＢＩアセットマネジメント株式会社	20070928		20240104	年1回	非対象
20231219	追加	8931123C	ＳＢＩ日本高配当株式（分配）ファンド（年４回決算型）	ＳＢＩアセットマネジメント株式会社	20231212		20240104	四半期	非対象
20231219	追加	8931223B	ＳＢＩ日本国債（分配）ファンド（年４回決算型）	ＳＢＩアセットマネジメント株式会社	20231128		20240104	四半期	非対象
20231219	追加	4731523C	たわらノーロード　ＮＡＳＤＡＱ１００	アセットマネジメントＯｎｅ株式会社	20231226		20240104	年1回	非対象
20231219	追加	4731423C	たわらノーロード　Ｓ＆Ｐ５００配当貴族	アセットマネジメントＯｎｅ株式会社	20231226		20240104	年1回	非対象
20231219	追加	2531223C	農林中金＜パートナーズ＞先進国債券ファンド（為替ヘッジなし）	農林中金全共連アセットマネジメント株式会社	20231220		20240104	年1回	非対象
20231219	追加	2531323C	農林中金＜パートナーズ＞先進国債券ファンド（部分為替ヘッジあり）	農林中金全共連アセットマネジメント株式会社	20231220		20240104	年1回	非対象
20231219	追加	7931221K	ブランディワイン・グローバルバリュー株式ファンド	三井住友ＤＳアセットマネジメント株式会社	20210831		20240104	年1回	非対象
20231219	追加	79311241	三井住友ＤＳインカムバランスＮＩＳＡファンド（成長投資型）	三井住友ＤＳアセットマネジメント株式会社	20240104		20240104	年2回	非対象
20231219	追加	79312241	三井住友ＤＳインカムバランスＮＩＳＡファンド（予想分配金提示型）	三井住友ＤＳアセットマネジメント株式会社	20240104		20240104	隔月	非対象
20231219	変更	AY314189	ａｕスマート・プライム（高成長）	ａｕアセットマネジメント株式会社	20180919		20240104	年1回	対象
20231219	変更	8531123C	米国製造業株式ファンド（年４回決算型）	ＢＮＹメロン・インベストメント・マネジメント・ジャパン株式会社	20231204	20500517	20240104	四半期	非対象
20231219	変更	0431323C	スタイル９（４資産分散・積極型）	大和アセットマネジメント株式会社	20231211		20240104	年1回	対象
20231219	変更	0431223C	スタイル９（４資産分散・バランス型）	大和アセットマネジメント株式会社	20231211		20240104	年1回	対象
20231219	変更	0431123C	スタイル９（４資産分散・保守型）	大和アセットマネジメント株式会社	20231211		20240104	年1回	対象
20231219	変更	0431623C	スタイル９（６資産分散・積極型）	大和アセットマネジメント株式会社	20231211		20240104	年1回	対象
20231219	変更	0431523C	スタイル９（６資産分散・バランス型）	大和アセットマネジメント株式会社	20231211		20240104	年1回	対象
20231219	変更	0431423C	スタイル９（６資産分散・保守型）	大和アセットマネジメント株式会社	20231211		20240104	年1回	対象
20231219	変更	0431923C	スタイル９（８資産分散・積極型）	大和アセットマネジメント株式会社	20231211		20240104	年1回	対象
20231219	変更	0431823C	スタイル９（８資産分散・バランス型）	大和アセットマネジメント株式会社	20231211		20240104	年1回	対象
20231219	変更	0431723C	スタイル９（８資産分散・保守型）	大和アセットマネジメント株式会社	20231211		20240104	年1回	対象
20231219	変更	48313159	ブラックロックＥＳＧ世界株式ファンド（為替ヘッジなし）	ブラックロック・ジャパン株式会社	20150930		20240104	年1回	対象
20231219	追加	32312241	フィデリティ・日本割安成長株投信	フィデリティ投信株式会社	20240119		20240119	年1回	非対象
20231225	追加	68311241	ハリス日本株ファンド（資産成長型）	朝日ライフ　アセットマネジメント株式会社	20240116		20240116	年1回	非対象
20231225	追加	68312241	ハリス日本株ファンド（年４回決算型）	朝日ライフ　アセットマネジメント株式会社	20240116		20240116	四半期	非対象
20231225	追加	AI311241	ＵＳベーシックバランス	スカイオーシャン・アセットマネジメント株式会社	20240122		20240122	年1回	非対象
20231226	追加	89312241	ＳＢＩ・　ＳＰＤＲ・Ｓ＆Ｐ５００高配当株式インデックス・ファンド（年４回決算型）	ＳＢＩアセットマネジメント株式会社	20240130		20240130	四半期	非対象
20231226	追加	89311241	ＳＢＩ・Ｖ・米国高配当株式インデックス・ファンド（年４回決算型）	ＳＢＩアセットマネジメント株式会社	20240130		20240130	四半期	非対象
20231228	追加	9A311235	世界バイオ医薬株式ファンド	キャピタル　アセットマネジメント株式会社　	20230530		20240126	年2回	非対象
20231229	変更	50313139	ＵＢＳグローバルＣＢオープン（年１回決算型・為替ヘッジあり）	ＵＢＳアセット・マネジメント株式会社	20130926	20450919	20240104	年1回	非対象
20231229	変更	50314139	ＵＢＳグローバルＣＢオープン（年１回決算型・為替ヘッジなし）	ＵＢＳアセット・マネジメント株式会社	20130926	20450919	20240104	年1回	非対象
20231229	変更	2931B185	ニッセイＳＤＧｓグローバルセレクトファンド（資産成長型・為替ヘッジなし）	ニッセイアセットマネジメント株式会社	20180528	20441215	20240104	年1回	対象
20231229	変更	64317168	ＳＭＴ　米国株配当貴族インデックス・オープン	三井住友トラスト・アセットマネジメント株式会社	20160830		20240104	年2回	対象
20231229	変更	6431113B	世界経済インデックスファンド（株式シフト型）	三井住友トラスト・アセットマネジメント株式会社	20131108		20240104	年1回	対象
20231229	変更	1231120C	明治安田ＤＣ・ＴＯＰＩＸインデックスファンド	明治安田アセットマネジメント株式会社	20201215		20240104	年1回	対象
20240104	追加	51311241	ＨＳＢＣ　グローバル・ターゲット利回り債券ファンド２０２４－０１（限定追加型）	ＨＳＢＣアセットマネジメント株式会社	20240129	20440510	20240129	年1回	非対象
20240105	追加	9I312241	楽天・資産アロケーション・ファンド（成長型）	楽天投信投資顧問株式会社	20240112		20240112	年1回	非対象
20240105	追加	9I313241	楽天・資産アロケーション・ファンド（積極成長型）	楽天投信投資顧問株式会社	20240112		20240112	年1回	非対象
20240105	追加	9I311241	楽天・資産アロケーション・ファンド（標準型）	楽天投信投資顧問株式会社	20240112		20240112	年1回	非対象
20240105	追加	40311242	パインブリッジ割安優良債券ファンド（奇数月決算型）	パインブリッジ・インベストメンツ株式会社	20240209	20490226	20240209	隔月	非対象
20240105	追加	40312242	パインブリッジ割安優良債券ファンド（資産成長型）	パインブリッジ・インベストメンツ株式会社	20240209	20490226	20240209	年2回	非対象
20240109	追加	09311232	グローバル資産分散投資ファンド　Ａコース（安定）	ＳＢＩ岡三アセットマネジメント株式会社	20230206		20240119	年1回	非対象
20240109	追加	09312232	グローバル資産分散投資ファンド　Ｂコース（やや安定）	ＳＢＩ岡三アセットマネジメント株式会社	20230206		20240119	年1回	非対象
20240109	追加	09313232	グローバル資産分散投資ファンド　Ｃコース（標準）	ＳＢＩ岡三アセットマネジメント株式会社	20230206		20240119	年1回	非対象
20240109	追加	09314232	グローバル資産分散投資ファンド　Ｄコース（やや積極）	ＳＢＩ岡三アセットマネジメント株式会社	20230206		20240119	年1回	非対象
20240109	追加	09315232	グローバル資産分散投資ファンド　Ｅコース（積極）	ＳＢＩ岡三アセットマネジメント株式会社	20230206		20240119	年1回	非対象
20240115	追加	12311241	岐阜・愛知地域応援ファンド	明治安田アセットマネジメント株式会社	20240131		20240131	年1回	非対象
20240116	追加	04316241	ｉＦｒｅｅ　ＪＰＸプライム１５０	大和アセットマネジメント株式会社	20240131		20240131	年1回	非対象
20240118	追加	47312241	ルーミス米国投資適格債券ファンド［年２回決算型］	アセットマネジメントＯｎｅ株式会社	20240122	20440420	20240122	年2回	非対象
20240119	追加	35311243	ＧＳグローバル社債ターゲット追加型２０２４－０３	ゴールドマン・サックス・アセット・マネジメント株式会社	20240314	20440316	20240314	年1回	非対象
20240122	追加	9Y311242	航空宇宙戦略グローバルファンド	カレラアセットマネジメント株式会社	20240227	20540225	20240227	四半期	非対象
20240123	追加	64319241	半導体関連　日本株式戦略ファンド	三井住友トラスト・アセットマネジメント株式会社	20240129		20240129	年1回	非対象
20240125	追加	9I311242	楽天・モーニングスター・ワイド・モート・フォーカス・インデックス・ファンド	楽天投信投資顧問株式会社	20240202		20240202	年1回	非対象
20240126	追加	8931105A	ソフトバンク＆ＳＢＩグループ株式ファンド	ＳＢＩアセットマネジメント株式会社	20051028		20240129	年1回	非対象
20240126	追加	64311242	イノベーション・インサイト　世界株式戦略ファンド（予想分配金提示型・奇数月決算型）	三井住友トラスト・アセットマネジメント株式会社	20240209		20240209	隔月	非対象
20240129	追加	AJ311242	りそなＴＯＰＩＸインデックス	りそなアセットマネジメント株式会社	20240216		20240216	年1回	非対象
20240129	追加	AJ313242	りそな新興国株式インデックス	りそなアセットマネジメント株式会社	20240216		20240216	年1回	非対象
20240129	追加	AJ312242	りそな先進国株式インデックス	りそなアセットマネジメント株式会社	20240216		20240216	年1回	非対象
20240130	変更	0331118B	日経平均高配当利回り株ファンド	三菱ＵＦＪアセットマネジメント株式会社	20181109		20240104	年2回	対象
20240201	追加	55316241	ステート・ストリート・グローバル債券インデックス・オープン（隔月分配型）	ステート・ストリート・グローバル・アドバイザーズ株式会社	20240111		20240219	隔月	非対象
20240201	追加	55315241	ステート・ストリート国内債券インデックス・オープン（隔月分配型）	ステート・ストリート・グローバル・アドバイザーズ株式会社	20240111		20240219	隔月	非対象
20240201	追加	55317241	ステート・ストリート米国投資適格社債インデックス・オープン（隔月分配型）	ステート・ストリート・グローバル・アドバイザーズ株式会社	20240111		20240219	隔月	非対象
20240201	追加	89319242	ＳＢＩ・ｉシェアーズ・米国総合債券インデックス・ファンド（年４回決算型）	ＳＢＩアセットマネジメント株式会社	20240228		20240228	四半期	非対象
20240201	追加	8931A242	ＳＢＩ・ｉシェアーズ・米国投資適格社債（１－５年）インデックス・ファンド（年４回決算型）	ＳＢＩアセットマネジメント株式会社	20240228		20240228	四半期	非対象
20240201	追加	8931B242	ＳＢＩ・ｉシェアーズ・米国ハイイールド債券インデックス・ファンド（年４回決算型）	ＳＢＩアセットマネジメント株式会社	20240228		20240228	四半期	非対象
20240201	追加	89318242	ＳＢＩ・Ｖ・米国増配株式インデックス・ファンド（年４回決算型）	ＳＢＩアセットマネジメント株式会社	20240228		20240228	四半期	非対象
20240201	追加	8931C242	ＳＢＩ欧州高配当株式（分配）ファンド（年４回決算型）	ＳＢＩアセットマネジメント株式会社	20240228		20240228	四半期	非対象
20240206	変更	47311065	尾瀬紀行	アセットマネジメントＯｎｅ株式会社	20060526		20240104	隔月	非対象
20240206	追加	03311242	ｅＭＡＸＩＳ　インド株式インデックス	三菱ＵＦＪアセットマネジメント株式会社	20240222		20240222	年1回	非対象
20240206	追加	79311243	米国株式これ１本（Ｓ＆Ｐ５００・ＮＹダウ・ナスダック１００）	三井住友ＤＳアセットマネジメント株式会社	20240304		20240304	年1回	非対象
20240209	追加	9I311165	新ホリコ・フォーカス・ファンド	楽天投信投資顧問株式会社	20160511		20240227	年1回	非対象
20240209	追加	18311243	インベスコ　米国株式ダイナミック・マルチファクター・ファンド＜為替ヘッジあり＞	インベスコ・アセット・マネジメント株式会社	20240308		20240308	年1回	非対象
20240209	追加	18312243	インベスコ　米国株式ダイナミック・マルチファクター・ファンド＜為替ヘッジなし＞	インベスコ・アセット・マネジメント株式会社	20240308		20240308	年1回	非対象
20240214	変更	B6311231	マネーフォワード全世界株式インデックスファンド	株式会社ｓｕｓｔｅｎキャピタル・マネジメント	20230118		20240104	年1回	対象
20240215	追加	04311243	インド株インデックス	大和アセットマネジメント株式会社	20240301		20240301	年1回	非対象
20240215	追加	09311243	日本好配当リバランスオープンⅡ	ＳＢＩ岡三アセットマネジメント株式会社	20240315	20450307	20240315	四半期	非対象
20240216	追加	03311177	インド債券オープン（年１回決算型）	三菱ＵＦＪアセットマネジメント株式会社	20170703		20240314	年1回	非対象
20240219	追加	9C311243	ひふみマイクロスコープｐｒｏ	レオス・キャピタルワークス株式会社	20240319		20240319	年1回	非対象
20240221	追加	47312243	みずほグローバル・セレクト・不動産戦略ファンド（年１回決算型）（為替ヘッジあり）	アセットマネジメントＯｎｅ株式会社	20240308	20450227	20240308	年1回	非対象
20240221	追加	47313243	みずほグローバル・セレクト・不動産戦略ファンド（年１回決算型）（為替ヘッジなし）	アセットマネジメントＯｎｅ株式会社	20240308	20450227	20240308	年1回	非対象
20240221	追加	47318243	みずほグローバル・セレクト・不動産戦略ファンド（年４回決算型）（為替ヘッジあり）	アセットマネジメントＯｎｅ株式会社	20240308	20450227	20240308	四半期	非対象
20240221	追加	47319243	みずほグローバル・セレクト・不動産戦略ファンド（年４回決算型）（為替ヘッジなし）	アセットマネジメントＯｎｅ株式会社	20240308	20450227	20240308	四半期	非対象
20240222	追加	58311147	アムンディ・グローバル・ストラテジー株式ファンド　年２回決算型	アムンディ・ジャパン株式会社	20140731		20240306	年2回	非対象
20240222	追加	58311176	アムンディ・グローバル・ストラテジー株式ファンド　年２回決算型（為替ヘッジあり）	アムンディ・ジャパン株式会社	20170607		20240306	年2回	非対象
20240222	追加	58311243	インド小型厳選株式ファンド	アムンディ・ジャパン株式会社	20240318		20240318	年1回	非対象
20240227	追加	04314243	一歩先いく　ＵＳ　テック・トップ２０インデックス	大和アセットマネジメント株式会社	20240313	20500310	20240313	年1回	非対象
20240301	変更	AE312153	あおぞら・徹底分散グローバル株式ファンド	あおぞら投信株式会社	20150327		20240104	年1回	対象
20240301	追加	0431117C	ダイワ／ミレーアセット・インド株式ファンド　－インドの匠－	大和アセットマネジメント株式会社	20171211	20501209	20240305	年2回	非対象
20240305	変更	1231208C	資産形成ファンド	明治安田アセットマネジメント株式会社	20081201		20240104	年1回	対象
20240305	追加	64312243	米国大型テクノロジー株式ファンド	三井住友トラスト・アセットマネジメント株式会社	20240322		20240322	年1回	非対象
20240312	追加	04319243	ｉＦｒｅｅＨＯＬＤ　米国国債（Ｔ－Ｚｅｒｏ２０４４）	大和アセットマネジメント株式会社	20240327	20440615	20240327	年1回	非対象
20240312	追加	03311243	サイバーセキュリティ株式オープン＜隔月決算型＞（為替ヘッジなし）予想分配金提示型	三菱ＵＦＪアセットマネジメント株式会社	20240328		20240328	隔月	非対象
20240312	追加	9I311244	楽天・インド株Ｎｉｆｔｙ５０インデックス・ファンド	楽天投信投資顧問株式会社	20240405		20240405	年1回	非対象
20240315	追加	5031113C	ＵＢＳ日本株式リスク・コントロール・ファンド	ＵＢＳアセット・マネジメント株式会社	20131220		20240320	年1回	非対象
20240322	追加	1231119B	八十二　信州応援日本株ファンド	明治安田アセットマネジメント株式会社	20191107		20240425	年1回	非対象
20240325	追加	32311244	フィデリティ・新興国中小型成長株投信	フィデリティ投信株式会社	20240424		20240424	年1回	非対象
20240328	追加	04312244	ｉＦｒｅｅＷａｌｌｅｔ　米ドル（ＵＳＤ）	大和アセットマネジメント株式会社	20240412		20240412	年1回	非対象
20240402	追加	9I312244	ウェルスナビＸＲ（リスク許容度１）	楽天投信投資顧問株式会社	20240419		20240419	年1回	非対象
20240402	追加	9I313244	ウェルスナビＸＲ（リスク許容度２）	楽天投信投資顧問株式会社	20240419		20240419	年1回	非対象
20240402	追加	9I314244	ウェルスナビＸＲ（リスク許容度３）	楽天投信投資顧問株式会社	20240419		20240419	年1回	非対象
20240402	追加	9I315244	ウェルスナビＸＲ（リスク許容度４）	楽天投信投資顧問株式会社	20240419		20240419	年1回	非対象
20240402	追加	9I316244	ウェルスナビＸＲ（リスク許容度５）	楽天投信投資顧問株式会社	20240419		20240419	年1回	非対象
20240402	追加	1731105C	ＪＰＭインド株アクティブ・オープン	ＪＰモルガン・アセット・マネジメント株式会社	20051219		20240426	年1回	非対象
20240403	追加	BJ312244	なかの世界成長ファンド	なかのアセットマネジメント株式会社	20240425		20240425	年1回	非対象
20240403	追加	BJ311244	なかの日本成長ファンド	なかのアセットマネジメント株式会社	20240425		20240425	年1回	非対象
20240403	追加	03311245	ＧＲＡＮ　ＮＥＸＴ　フィナンシャルズ	三菱ＵＦＪアセットマネジメント株式会社	20240517		20240517	年1回	非対象
20240405	追加	89311245	ＳＢＩ・Ｊ－ＲＥＩＴ（分配）ファンド（年４回決算型）	ＳＢＩアセットマネジメント株式会社	20240508		20240508	四半期	非対象
20240409	追加	42311213	ｉＴｒｕｓｔティンバー	ピクテ・ジャパン株式会社	20210331		20240629	年1回	非対象
20240411	追加	01312208	野村ブラックロック循環経済関連株投信　Ｂコース	野村アセットマネジメント株式会社	20200824		20240426	年2回	非対象
20240411	追加	47311244	みずほサステナブルファンドシリーズ　－　ＬＯ・サーキュラー・エコノミー	アセットマネジメントＯｎｅ株式会社	20240430	20450510	20240430	年1回	非対象
20240412	追加	29315244	ＦＷニッセイ国内期待インフレターゲットファンド	ニッセイアセットマネジメント株式会社	20240430		20240430	年1回	非対象
20240416	追加	0331215C	グローバル・スマート・イノベーション・オープン（年１回決算型）	三菱ＵＦＪアセットマネジメント株式会社	20151216		20240523	年1回	非対象
20240416	追加	03312173	グローバル・スマート・イノベーション・オープン（年１回決算型）為替ヘッジあり	三菱ＵＦＪアセットマネジメント株式会社	20170303		20240523	年1回	非対象
20240416	追加	0331115C	グローバル・スマート・イノベーション・オープン（年２回決算型）	三菱ＵＦＪアセットマネジメント株式会社	20151216		20240523	年2回	非対象
20240416	追加	03311173	グローバル・スマート・イノベーション・オープン（年２回決算型）為替ヘッジあり	三菱ＵＦＪアセットマネジメント株式会社	20170303		20240523	年2回	非対象
20240425	変更	AJ312194	りそなターゲット・イヤー・ファンド２０４５	りそなアセットマネジメント株式会社	20190423	20550325	20240104	年1回	対象
20240425	変更	AJ313183	りそなターゲット・イヤー・ファンド２０５０	りそなアセットマネジメント株式会社	20180327	20600325	20240104	年1回	対象
20240425	変更	AJ313194	りそなターゲット・イヤー・ファンド２０５５	りそなアセットマネジメント株式会社	20190423	20650325	20240104	年1回	対象
20240425	変更	AJ314194	りそなターゲット・イヤー・ファンド２０６０	りそなアセットマネジメント株式会社	20190423	20700325	20240104	年1回	対象
20240425	変更	AJ311237	りそなターゲット・イヤー・ファンド２０６５	りそなアセットマネジメント株式会社	20230710	20750325	20240104	年1回	対象
20240425	変更	AJ313162	りそなラップ型ファンド（成長型）	りそなアセットマネジメント株式会社	20160226		20240104	年1回	対象
20240425	追加	03312245	ＭＵＦＧ　ウェルス・インサイト・ファンド・アネックス（為替リスク軽減型）コンサバティブコース	三菱ＵＦＪアセットマネジメント株式会社	20240513		20240513	年1回	非対象
20240425	追加	03313245	ＭＵＦＧ　ウェルス・インサイト・ファンド・アネックス（為替リスク軽減型）スタンダードコース	三菱ＵＦＪアセットマネジメント株式会社	20240513		20240513	年1回	非対象
20240425	追加	45311245	東洋・インドネシア株式ファンド	ＳＯＭＰＯアセットマネジメント株式会社	20240520		20240520	年1回	非対象
20240425	追加	45312232	米国株式自動配分戦略ファンド	ＳＯＭＰＯアセットマネジメント株式会社	20230227		20240525	年1回	非対象
20240502	追加	64312245	スマート・コントロール　世界株式戦略ファンド	三井住友トラスト・アセットマネジメント株式会社	20240531		20240531	年1回	非対象
20240514	追加	18311245	インベスコ　Ｓ＆Ｐ　５００イコール・ウェイト・ファンド	インベスコ・アセット・マネジメント株式会社	20240531		20240531	年1回	非対象
20240515	変更	AR311185	ＴＨＥＯグロース・ＡＩファンド（世界の株式中心）	株式会社お金のデザイン	20180517		20240104	年1回	対象
20240515	追加	39311025	アライアンス・バーンスタイン・グローバル・ボンド・ファンド	アライアンス・バーンスタイン株式会社	20020509		20240520	年1回	非対象
20240523	追加	49311246	いちよし・グローバル好配当戦略ファンド（年６回決算型）	東京海上アセットマネジメント株式会社	20240626		20240626	隔月	非対象
20240531	追加	85311247	ＢＮＹ米国エクセレント・バリュー・ファンド	ＢＮＹメロン・インベストメント・マネジメント・ジャパン株式会社	20240705	20500420	20240705	年1回	非対象
20240605	追加	04311246	ドラッカー研究所日本株ファンド（資産成長型）	大和アセットマネジメント株式会社	20240620		20240620	年2回	非対象
20240610	変更	45311084	好配当グリーン・バランス・オープン	ＳＯＭＰＯアセットマネジメント株式会社	20080418		20240104	隔月	非対象
20240610	追加	58313246	（アムンディ・インデックスシリーズ）インド株	アムンディ・ジャパン株式会社	20240628		20240628	年1回	非対象
20240610	追加	58311246	（アムンディ・インデックスシリーズ）オールカントリー・大型成長株	アムンディ・ジャパン株式会社	20240628		20240628	年1回	非対象
20240611	追加	79311246	三井住友ＤＳ・ジャパン・ハイ・コンビクション・ストラテジー	三井住友ＤＳアセットマネジメント株式会社	20240628		20240628	年1回	非対象
20240611	変更	58312246	（アムンディ・インデックスシリーズ）オールカントリー・高配当株	アムンディ・ジャパン株式会社	20240628		20240628	四半期	非対象
20240612	追加	09311246	ＳＢＩ岡三　ＮＡＳＤＡＱ　ＡＩアクティブファンド	ＳＢＩ岡三アセットマネジメント株式会社	20240628	20450612	20240628	年2回	非対象
20240613	追加	04312246	ｉＦｒｅｅＮＥＸＴ　ベトナム株インデックス	大和アセットマネジメント株式会社	20240628		20240628	年1回	非対象
20240617	追加	09311247	アジア半導体関連フォーカスファンド	ＳＢＩ岡三アセットマネジメント株式会社	20240717	20450714	20240717	年2回	非対象
20240619	追加	4731199C	ＤＬＩＢＪ公社債オープン（短期コース）	アセットマネジメントＯｎｅ株式会社	19991214		20240622	年2回	非対象
20240619	追加	4731299C	ＤＬＩＢＪ公社債オープン（中期コース）	アセットマネジメントＯｎｅ株式会社	19991214		20240622	年2回	非対象
20240620	追加	64311247	ＳＭＴ　グローバルサウス株式インデックス・オープン	三井住友トラスト・アセットマネジメント株式会社	20240702		20240702	年2回	非対象
20240621	追加	0131316C	野村インド債券ファンド（年２回決算型）	野村アセットマネジメント株式会社	20161205		20240809	年2回	非対象
20240625	追加	89311247	ＳＢＩ・ｉ　シェアーズ・全世界債券インデックス・ファンド（年４回決算型）	ＳＢＩアセットマネジメント株式会社	20240717		20240717	四半期	非対象
20240626	追加	03311247	ｅＭＡＸＩＳ　日経半導体株インデックス	三菱ＵＦＪアセットマネジメント株式会社	20240712		20240712	年1回	非対象
20240701	追加	AH311248	日本株好配当ファンド（奇数月決算型）	ちばぎんアセットマネジメント株式会社	20240808		20240808	隔月	非対象
20240710	追加	79311983	三井住友ＤＳ日本債券ファンド	三井住友ＤＳアセットマネジメント株式会社	19980323		20240808	年2回	非対象
20240716	追加	35311249	ＧＳグローバル社債ターゲット追加型２０２４－０９	ゴールドマン・サックス・アセット・マネジメント株式会社	20240912	20440914	20240912	年1回	非対象
20240718	追加	47314247	マスターズ・マルチアセット・ファンド（安定型）	アセットマネジメントＯｎｅ株式会社	20240722	20450628	20240722	年1回	非対象
20240718	追加	47316247	マスターズ・マルチアセット・ファンド（積極型）	アセットマネジメントＯｎｅ株式会社	20240722	20450628	20240722	年1回	非対象
20240718	追加	47315247	マスターズ・マルチアセット・ファンド（バランス型）	アセットマネジメントＯｎｅ株式会社	20240722	20450628	20240722	年1回	非対象
20240719	追加	79311248	ＴＴＩ・グローバル中小型厳選株式ファンド	三井住友ＤＳアセットマネジメント株式会社	20240820		20240820	年1回	非対象
20240722	追加	51311247	ＨＳＢＣ　グローバル・ターゲット利回り債券ファンド２０２４－０７（限定追加型）	ＨＳＢＣアセットマネジメント株式会社	20240729	20441110	20240729	年1回	非対象
20240725	追加	04311248	一歩先いく　グローバル・イノベーション企業インデックス	大和アセットマネジメント株式会社	20240809	20500808	20240809	年1回	非対象
20240729	変更	79314186	イノベーション・インデックス・ＡＩ	三井住友ＤＳアセットマネジメント株式会社	20180629		20240104	年1回	対象
20240805	追加	9Y312248	カナダ株式ファンド	カレラアセットマネジメント株式会社	20240827	20540825	20240827	四半期	非対象
20240809	追加	29311249	ニッセイ・Ｓ日本半導体株式インデックスファンド＜購入・換金手数料なし＞	ニッセイアセットマネジメント株式会社	20240904		20240904	年1回	非対象
20240809	追加	9C311249	ひふみクロスオーバーｐｒｏ	レオス・キャピタルワークス株式会社	20240912		20240912	年1回	非対象
20240820	追加	32311249	フィデリティ・マゼラン・米国成長株ファンド	フィデリティ投信株式会社	20240912		20240912	年1回	非対象
20240823	変更	42311166	ｉＴｒｕｓｔ日本株式	ピクテ・ジャパン株式会社	20160630		20240104	年1回	対象
20240823	追加	AE312247	あおぞら・　新グローバル・プレミアム・ファンド（当初漸増期間付、限定追加型）　２０２４－０７	あおぞら投信株式会社	20240731	20460420	20240731	年1回	非対象
20240829	追加	9M311249	グローバル・サプライチェーン・ファンド（為替ヘッジあり）	ベイビュー・アセット・マネジメント株式会社	20240913		20240913	年1回	非対象
20240829	追加	9M312249	グローバル・サプライチェーン・ファンド（為替ヘッジなし）	ベイビュー・アセット・マネジメント株式会社	20240913		20240913	年1回	非対象
20240830	追加	9I312249	楽天・高配当株式・米国ファンド（四半期決算型）	楽天投信投資顧問株式会社	20240918		20240918	四半期	非対象
20240830	追加	01313249	野村ブラックロック世界優良企業厳選ファンド　Ｂコース	野村アセットマネジメント株式会社	20240930		20240930	年1回	非対象
20240830	追加	0431B171	米国インフラ・ビルダー株式ファンド（為替ヘッジあり）	大和アセットマネジメント株式会社	20170117	20500113	20241010	年2回	非対象
20240830	追加	0431C171	米国インフラ・ビルダー株式ファンド（為替ヘッジなし）	大和アセットマネジメント株式会社	20170117	20500113	20241010	年2回	非対象
20240902	追加	09311249	オール・カントリー好配当リバランスオープン（資産成長型）	ＳＢＩ岡三アセットマネジメント株式会社	20240927	20450721	20240927	年1回	非対象
20240902	追加	09312249	オール・カントリー好配当リバランスオープン（年４回決算型）	ＳＢＩ岡三アセットマネジメント株式会社	20240927	20450721	20240927	四半期	非対象
20240902	追加	49311249	米国５０社厳選株式ファンド	東京海上アセットマネジメント株式会社	20240930	20450908	20240930	年1回	非対象
20240903	追加	03311249	ｅＭＡＸＩＳ　Ｎｅｏ　ＡＩテクノロジー	三菱ＵＦＪアセットマネジメント株式会社	20240919		20240919	年1回	非対象
20240904	追加	03312249	ｅＭＡＸＩＳ／ＰａｙＰａｙ証券　全世界バランス	三菱ＵＦＪアセットマネジメント株式会社	20240920		20240920	年1回	非対象
20240910	追加	8931124A	ＳＢＩ全世界高配当株式ファンド　（年４回決算型）	ＳＢＩアセットマネジメント株式会社	20241001		20241001	四半期	非対象
20240911	追加	64312091	Ｊリートインデックス・オープン（ＳＭＡ専用）	三井住友トラスト・アセットマネジメント株式会社	20090114		20240913	年1回	非対象
20240911	追加	64311157	外国株式ＳＭＴＢセレクション（ＳＭＡ専用）	三井住友トラスト・アセットマネジメント株式会社	20150724		20240913	年1回	非対象
20240911	追加	64313091	グローバルリートインデックス・オープン（ＳＭＡ専用）	三井住友トラスト・アセットマネジメント株式会社	20090114		20240913	年1回	非対象
20240911	追加	64312152	国内株式ＳＭＴＢセレクション（ＳＭＡ専用）	三井住友トラスト・アセットマネジメント株式会社	20150206		20240913	年1回	非対象
20240911	追加	64314091	コモディティ・オープン（ＳＭＡ専用）	三井住友トラスト・アセットマネジメント株式会社	20090114		20240913	年1回	非対象
20240912	追加	8931224A	ＳＢＩ全世界高配当株式ファンド　（年１回決算型）	ＳＢＩアセットマネジメント株式会社	20241016		20241016	年1回	非対象
20240913	追加	29311147	ニッセイ欧州株式厳選ファンド　フルインベストメントコース	ニッセイアセットマネジメント株式会社	20140717	20450720	20241019	年2回	非対象
20240913	追加	29312147	ニッセイ欧州株式厳選ファンド　リスクコントロールコース	ニッセイアセットマネジメント株式会社	20140717	20450720	20241019	年2回	非対象
20240913	追加	2931124A	ニッセイＳ＆Ｐ５００リカバリー戦略株式ファンド	ニッセイアセットマネジメント株式会社	20241025	20450718	20241025	年1回	非対象
20240917	追加	9N31124A	まあるい未来共創ファンド　ｃｏｔｏｃｏｔｏ	コモンズ投信株式会社	20241021		20241021	年1回	非対象
20240918	追加	64311167	日本株＆Ｊリート　好配当フォーカスファンド	三井住友トラスト・アセットマネジメント株式会社	20160728		20240921	年1回	非対象
20240920	変更	4731213C	Ｏｎｅ割安日本株ファンド（年１回決算型）	アセットマネジメントＯｎｅ株式会社	20131213	20471223	20240104	年1回	非対象
20240920	追加	3931224A	アライアンス・バーンスタイン・世界高成長株投信（隔月決算・予想分配金提示型）	アライアンス・バーンスタイン株式会社	20241021	20450920	20241021	隔月	非対象
20240920	追加	3931124A	アライアンス・バーンスタイン・世界高成長株投信（年２回決算型）	アライアンス・バーンスタイン株式会社	20241021	20450920	20241021	年2回	非対象
20240925	追加	0131124A	野村インデックスファンド・日経半導体株	野村アセットマネジメント株式会社	20241011		20241011	年1回	非対象
20240927	追加	7931324A	アレス・グローバル・ハイイールド債券ファンド（為替ヘッジなし／年１回決算型）	三井住友ＤＳアセットマネジメント株式会社	20241028		20241028	年1回	非対象
20240927	追加	7931424A	アレス・グローバル・ハイイールド債券ファンド（為替ヘッジなし／年４回決算型）	三井住友ＤＳアセットマネジメント株式会社	20241028		20241028	四半期	非対象
20240927	追加	7931124A	ニュートン・パワー・イノベーション・ファンド（為替ヘッジあり）	三井住友ＤＳアセットマネジメント株式会社	20241028		20241028	年1回	非対象
20240927	追加	7931224A	ニュートン・パワー・イノベーション・ファンド（為替ヘッジなし）	三井住友ＤＳアセットマネジメント株式会社	20241028		20241028	年1回	非対象
20240930	追加	2931224A	ニッセイ・インデックス・ＳＯＸ（米国半導体株）	ニッセイアセットマネジメント株式会社	20241016		20241016	年1回	非対象
20240930	追加	8931324A	ＳＢＩ－フランクリン・テンプルトン・インド株式インデックス・ファンド	ＳＢＩアセットマネジメント株式会社	20241022		20241022	年1回	非対象
20241009	追加	0331124A	ｅＭＡＸＩＳ　Ｓｌｉｍ　先進国株式（含む日本）＜オール先進国＞	三菱ＵＦＪアセットマネジメント株式会社	20241025		20241025	年1回	対象
20241011	追加	47315207	モルガン・スタンレーＵＳハイイールド債券ファンド（年１回決算型）（為替ヘッジあり）	アセットマネジメントＯｎｅ株式会社	20200731	20500715	20241017	年1回	非対象
20241011	追加	47316207	モルガン・スタンレーＵＳハイイールド債券ファンド（年１回決算型）（為替ヘッジなし）	アセットマネジメントＯｎｅ株式会社	20200731	20500715	20241017	年1回	非対象
20241016	追加	0431824A	ＪＰＸプライム１５０ファンド	大和アセットマネジメント株式会社	20241028	20450130	20241028	年1回	非対象
20241024	追加	1031124B	米国株式・研究開発リバランスファンド	Ｔ＆Ｄアセットマネジメント株式会社	20241129	20441129	20241129	年1回	非対象
20241025	変更	04311225	ｉＦｒｅｅ　オールカントリー（全世界株式）ＥＳＧインデックス	大和アセットマネジメント株式会社	20220510		20240104	年1回	非対象
20241025	追加	1231124C	ダルトン・ジャパン・パートナー戦略ファンド	明治安田アセットマネジメント株式会社	20241206		20241206	年1回	非対象
20241028	変更	55312241	ステート・ストリート・グローバル株式インデックス・オープン	ステート・ストリート・グローバル・アドバイザーズ株式会社	20240111		20240219	年1回	対象
20241028	変更	55314241	ステート・ストリートＳ＆Ｐ５００インデックス・オープン	ステート・ストリート・グローバル・アドバイザーズ株式会社	20240111		20240219	年1回	対象
20241028	変更	55311241	ステート・ストリートＴＯＰＩＸインデックス・オープン	ステート・ストリート・グローバル・アドバイザーズ株式会社	20240111		20240219	年1回	対象
20241028	変更	55313241	ステート・ストリート全世界株式インデックス・オープン	ステート・ストリート・グローバル・アドバイザーズ株式会社	20240111		20240219	年1回	対象
20241028	追加	AE31124B	あおぞら・日本株式アラインメント・ファンド	あおぞら投信株式会社	20241115		20241115	年1回	非対象
20241029	追加	4731324B	ウエリントン・トータル・リターン債券ファンド（年１回決算型）（為替ヘッジなし）	アセットマネジメントＯｎｅ株式会社	20241115	20451114	20241115	年1回	非対象
20241029	追加	4731424B	ウエリントン・トータル・リターン債券ファンド（年４回決算型）（為替ヘッジなし）	アセットマネジメントＯｎｅ株式会社	20241115	20451114	20241115	四半期	非対象
20241101	追加	0431224B	ｉＦｒｅｅＨＯＬＤ　メキシコ国債（ＭＢＯＮＯ２０４７）	大和アセットマネジメント株式会社	20241120	20471206	20241120	年1回	非対象
20241101	追加	0431324B	ｉＦｒｅｅＷａｌｌｅｔ　メキシコペソ（ＭＸＮ）	大和アセットマネジメント株式会社	20241120		20241120	年1回	非対象
20241101	追加	5131124C	ＨＳＢＣ　インド小型株式オープン	ＨＳＢＣアセットマネジメント株式会社	20241202		20241202	年2回	非対象
20241111	追加	1231224C	明治安田ゴールド／オール・カントリー株式戦略ファンド	明治安田アセットマネジメント株式会社	20241220		20241220	年1回	非対象
20241112	追加	AJ31324C	先進国高利益成長ファンド（年１回決算型）	りそなアセットマネジメント株式会社	20241202		20241202	年1回	非対象
20241112	追加	AJ31424C	先進国高利益成長ファンド（年４回決算・予想分配金提示型）	りそなアセットマネジメント株式会社	20241202		20241202	四半期	非対象
20241112	追加	AJ31124C	りそな日本高株主還元ファンド（年１回決算型）	りそなアセットマネジメント株式会社	20241202		20241202	年1回	非対象
20241112	追加	AJ31224C	りそな日本高株主還元ファンド（年４回決算型）	りそなアセットマネジメント株式会社	20241202		20241202	四半期	非対象
20241113	追加	0131G113	野村米国ブランド株投資（円コース）年２回決算型	野村アセットマネジメント株式会社	20110323		20241115	年2回	非対象
20241113	追加	01317145	野村米国ブランド株投資（米ドルコース）年２回決算型	野村アセットマネジメント株式会社	20140512		20241115	年2回	非対象
20241113	追加	0331124B	日経平均高配当利回り株ファンドⅡ	三菱ＵＦＪアセットマネジメント株式会社	20241129		20241129	年2回	非対象
20241115	追加	2931424C	ニッセイ・インド中小型株式ファンド	ニッセイアセットマネジメント株式会社	20241227	20450823	20241227	年1回	非対象
20241118	追加	5131224C	ＨＳＢＣ　インドテック株式インデックスファンド	ＨＳＢＣアセットマネジメント株式会社	20241218		20241218	年1回	非対象
20241120	追加	8931224C	ＳＢＩ・Ｓ・米国高配当株式ファンド（年４回決算型）	ＳＢＩアセットマネジメント株式会社	20241220		20241220	四半期	非対象
20241122	変更	47312065	Ｏｎｅピュア・インド株式ファンド	アセットマネジメントＯｎｅ株式会社	20060531	20460822	20240104	年1回	非対象
20241125	追加	AE31124C	ジャパン・コア・アルファ	あおぞら投信株式会社	20241210		20241210	年1回	非対象
20241125	追加	0931124C	インド・イノベーション・フォーカスファンド	ＳＢＩ岡三アセットマネジメント株式会社	20241213	20451220	20241213	年2回	非対象
20241126	追加	0431124C	ｉＦｒｅｅＰｌｕｓ　世界トレンド・テクノロジー株（Ｚテック２０）	大和アセットマネジメント株式会社	20241211		20241211	年1回	非対象
20241126	追加	59311194	しんきんフコクＥＳＧ日本株式ファンド	しんきんアセットマネジメント投信株式会社	20190426		20241214	年1回	非対象
20241203	追加	0431224C	一歩先いく　華麗なるインド・トップ１０＋インデックス	大和アセットマネジメント株式会社	20241218	20501216	20241218	年1回	非対象
20241204	追加	64311251	インド中小型成長株式ファンド	三井住友トラスト・アセットマネジメント株式会社	20250131		20250131	年1回	非対象
20241206	追加	4731624C	たわらノーロード　インド株式Ｎｉｆｔｙ５０	アセットマネジメントＯｎｅ株式会社	20241211		20241211	年1回	非対象
20241210	追加	0931224C	アメリカ国家戦略関連株ファンド	ＳＢＩ岡三アセットマネジメント株式会社	20241226	20451206	20241226	年2回	非対象
20241213	追加	AR313252	東海東京ヌビーン・リタイアメントファンド（資産安定型）	株式会社お金のデザイン	20250203		20250203	年1回	非対象
20241213	追加	AR312252	東海東京ヌビーン・リタイアメントファンド（年５％目標取崩し型）	株式会社お金のデザイン	20250203		20250203	隔月	非対象
20241213	追加	AR311252	東海東京ヌビーン・リタイアメントファンド（年５１０円目標取崩し型）	株式会社お金のデザイン	20250203		20250203	隔月	非対象
20241220	追加	49311251	東京海上・上場オルタナティブ・アセット・マネージャーズ戦略ファンド	東京海上アセットマネジメント株式会社	20250123	20451205	20250123	年1回	非対象
20241226	追加	AE312251	あおぞら・　新グローバル・プレミアム・ファンド（当初漸増期間付、限定追加型）　２０２５－０１	あおぞら投信株式会社	20250131	20461022	20250131	年1回	非対象
20241227	追加	89311251	ＳＢＩ　サウジアラビア株式インデックス・ファンド	ＳＢＩアセットマネジメント株式会社	20250128		20250128	年1回	非対象
20250107	追加	64312251	Ｍｙ　ＳＭＴ　ラッセル１０００米国株式インデックス（ノーロード）	三井住友トラスト・アセットマネジメント株式会社	20250115		20250115	年1回	非対象
20250107	追加	AB311252	資本効率向上ファンド	ファイブスター投信投資顧問株式会社	20250228	20450228	20250228	年2回	非対象
20250109	追加	04315251	ダイワ・アンビット・インド小型株ファンド	大和アセットマネジメント株式会社	20250131	20460615	20250131	年2回	非対象
20250110	追加	42311252	ピクテ・ウォーター・ファンド	ピクテ・ジャパン株式会社	20250207		20250207	年1回	非対象
20250115	追加	9I312252	楽天・高配当株式・日本ファンド（四半期決算型）	楽天投信投資顧問株式会社	20250207		20250207	四半期	非対象
20250115	追加	9A311252	ベトナム成長株ファンド（年１回決算型）	キャピタル　アセットマネジメント株式会社　	20250212		20250212	年1回	非対象
20250117	追加	29311252	ニッセイ・インド株式ファンド＜購入・換金手数料なし＞	ニッセイアセットマネジメント株式会社	20250219		20250219	年1回	非対象
20250121	変更	6431513B	ＳＭＴ　ダウ・ジョーンズ　インデックス・オープン	三井住友トラスト・アセットマネジメント株式会社	20131119		20240104	年2回	対象
20250122	変更	89315135	ＥＸＥ－ｉ　全世界ＲＥＩＴファンド	ＳＢＩアセットマネジメント株式会社	20130513		20240104	年1回	非対象
20250122	変更	89313135	ＥＸＥ－ｉ　全世界中小型株式ファンド	ＳＢＩアセットマネジメント株式会社	20130513		20240104	年1回	対象
20250122	変更	89314135	ＳＢＩ・ｉシェアーズ・全世界債券インデックス・ファンド	ＳＢＩアセットマネジメント株式会社	20130513		20240104	年1回	非対象
20250122	変更	64315094	ＳＭＴＡＭダウ・ジョーンズ　インデックスファンド　　　　　　　	三井住友トラスト・アセットマネジメント株式会社	20090430		20240104	年1回	対象
20250129	変更	9I31223A	楽天・プラス・Ｓ＆Ｐ５００インデックス・ファンド	楽天投信投資顧問株式会社	20231027		20240104	年1回	対象
20250129	変更	9I31123A	楽天・プラス・オールカントリー株式インデックス・ファンド	楽天投信投資顧問株式会社	20231027		20240104	年1回	対象
20250129	変更	9I31323C	楽天・プラス・先進国株式（除く日本）インデックス・ファンド	楽天投信投資顧問株式会社	20231222		20240104	年1回	対象
20250129	変更	9I31223C	楽天・プラス・日経２２５インデックス・ファンド	楽天投信投資顧問株式会社	20231222		20240104	年1回	対象
20250129	変更	9I314241	楽天・プラス・ＮＡＳＤＡＱ－１００インデックス・ファンド	楽天投信投資顧問株式会社	20240130		20240130	年1回	非対象
20250129	変更	9I315241	楽天・プラス・ＳＯＸインデックス・ファンド	楽天投信投資顧問株式会社	20240130		20240130	年1回	非対象
20250131	追加	29313252	ニッセイ・パワーテクノロジー株式ファンド	ニッセイアセットマネジメント株式会社	20250228	20450714	20250228	年1回	非対象
20250204	追加	03311252	サイバーセキュリティ株式オープン＜３ヵ月決算型＞（為替ヘッジなし）	三菱ＵＦＪアセットマネジメント株式会社	20250220		20250220	四半期	非対象
20250207	変更	AJ31124A	りそなターゲット・イヤー・ファンド２０３５（運用継続型）	りそなアセットマネジメント株式会社	20241025		20241025	年1回	対象
20250207	変更	AJ31224A	りそなターゲット・イヤー・ファンド２０４０（運用継続型）	りそなアセットマネジメント株式会社	20241025		20241025	年1回	対象
20250207	変更	AJ31324A	りそなターゲット・イヤー・ファンド２０４５（運用継続型）	りそなアセットマネジメント株式会社	20241025		20241025	年1回	対象
20250207	変更	AJ31424A	りそなターゲット・イヤー・ファンド２０５０（運用継続型）	りそなアセットマネジメント株式会社	20241025		20241025	年1回	対象
20250207	変更	AJ31524A	りそなターゲット・イヤー・ファンド２０５５（運用継続型）	りそなアセットマネジメント株式会社	20241025		20241025	年1回	対象
20250207	変更	AJ31624A	りそなターゲット・イヤー・ファンド２０６０（運用継続型）	りそなアセットマネジメント株式会社	20241025		20241025	年1回	対象
20250207	変更	AJ31724A	りそなターゲット・イヤー・ファンド２０６５（運用継続型）	りそなアセットマネジメント株式会社	20241025		20241025	年1回	対象
20250210	追加	83311252	イーストスプリング・インド国債ファンド（３ヵ月決算型）	イーストスプリング・インベストメンツ株式会社	20250228		20250228	四半期	非対象
20250210	追加	83312252	イーストスプリング・インド国債ファンド（年２回決算型）	イーストスプリング・インベストメンツ株式会社	20250228		20250228	年2回	非対象
20250210	追加	79312252	三井住友ＤＳ・バランスファンド（安定コース）	三井住友ＤＳアセットマネジメント株式会社	20250228		20250228	年1回	対象
20250210	追加	79314252	三井住友ＤＳ・バランスファンド（成長コース）	三井住友ＤＳアセットマネジメント株式会社	20250228		20250228	年1回	対象
20250210	追加	79315252	三井住友ＤＳ・バランスファンド（積極コース）	三井住友ＤＳアセットマネジメント株式会社	20250228		20250228	年1回	対象
20250210	追加	79313252	三井住友ＤＳ・バランスファンド（標準コース）	三井住友ＤＳアセットマネジメント株式会社	20250228		20250228	年1回	対象
20250210	追加	79311252	三井住友ＤＳ・バランスファンド（保守コース）	三井住友ＤＳアセットマネジメント株式会社	20250228		20250228	年1回	対象
20250210	追加	9I312253	楽天・高配当株式・米国ＶＹＭファンド（四半期決算型）	楽天投信投資顧問株式会社	20250305		20250305	四半期	非対象
20250212	追加	47313253	みずほサステナブルファンドシリーズ　－　ロベコ・スマート・エネルギー	アセットマネジメントＯｎｅ株式会社	20250303	20451110	20250303	年1回	非対象
20250214	追加	58312252	アムンディ・米国コア株式ファンド（為替ヘッジあり／年２回決算型）	アムンディ・ジャパン株式会社	20250227		20250227	年2回	非対象
20250214	追加	58311252	アムンディ・米国コア株式ファンド（為替ヘッジなし／年２回決算型）	アムンディ・ジャパン株式会社	20250227		20250227	年2回	非対象
20250219	追加	09311253	米国マイクロキャップ株式ファンド	ＳＢＩ岡三アセットマネジメント株式会社	20250318	20460216	20250318	年1回	非対象
20250225	変更	AJ31219A	Ｓｍａｒｔ－ｉ　先進国株式ＥＳＧインデックス	りそなアセットマネジメント株式会社	20191030		20240104	年1回	対象
20250225	追加	59311253	しんきん日米半導体株ファンド	しんきんアセットマネジメント投信株式会社	20250328		20250328	年1回	非対象
20250226	追加	4731E253	ウエリントン・トータル・リターン債券ファンド（年１回決算型）（為替ヘッジあり）	アセットマネジメントＯｎｅ株式会社	20250304	20451114	20250304	年1回	非対象
20250226	追加	4731F253	ウエリントン・トータル・リターン債券ファンド（年４回決算型）（為替ヘッジあり）	アセットマネジメントＯｎｅ株式会社	20250304	20451114	20250304	四半期	非対象
20250305	追加	47313164	グローバル新世代関連株式ファンド	アセットマネジメントＯｎｅ株式会社	20160418	20460417	20250310	年1回	非対象
20250306	変更	03311191	ベイリー・ギフォード世界長期成長株ファンド	三菱ＵＦＪアセットマネジメント株式会社	20190131		20240104	年1回	対象
20250306	追加	25311253	農林中金＜パートナーズ＞日米６資産分散ファンド（安定運用コース）（為替ヘッジなし）	農林中金全共連アセットマネジメント株式会社	20250311		20250311	年1回	非対象
20250306	追加	25312253	農林中金＜パートナーズ＞日米６資産分散ファンド（資産形成コース）（為替ヘッジなし）	農林中金全共連アセットマネジメント株式会社	20250311		20250311	年1回	非対象
20250310	追加	03315253	ｅＭＡＸＩＳ　Ｓｌｉｍ　国内株式（読売３３３）	三菱ＵＦＪアセットマネジメント株式会社	20250326		20250326	年1回	非対象
20250313	追加	64312072	外国株式インデックス・オープン（ＳＭＡ専用）	三井住友トラスト・アセットマネジメント株式会社	20070216		20250324	年1回	非対象
20250313	追加	64314072	外国債券インデックス・オープン（ＳＭＡ専用）	三井住友トラスト・アセットマネジメント株式会社	20070216		20250324	年2回	非対象
20250328	追加	32311254	フィデリティ・欧州割安成長株投信　Ａコース（為替ヘッジあり）	フィデリティ投信株式会社	20250430		20250430	年1回	非対象
20250328	追加	32312254	フィデリティ・欧州割安成長株投信　Ｂコース（為替ヘッジなし）	フィデリティ投信株式会社	20250430		20250430	年1回	非対象
20250331	追加	58311997	りそな・日経２２５オープン	アムンディ・ジャパン株式会社	19990723		20250412	年1回	非対象
20250331	追加	03311254	つみたて日本株式（読売３３３）	三菱ＵＦＪアセットマネジメント株式会社	20250416		20250416	年1回	非対象
20250331	追加	58311254	（アムンディ・インデックスシリーズ）日本・高配当株	アムンディ・ジャパン株式会社	20250418		20250418	年2回	非対象
20250404	追加	17311255	ＪＰモルガン・グランド・アセット・アロケーション	ＪＰモルガン・アセット・マネジメント株式会社	20250529	20450529	20250529	年1回	非対象
20250410	追加	49311254	東京海上ターゲット・イヤー・ファンド２０４０	東京海上アセットマネジメント株式会社	20250430		20250430	年1回	対象
20250410	追加	49312254	東京海上ターゲット・イヤー・ファンド２０５０	東京海上アセットマネジメント株式会社	20250430		20250430	年1回	対象
20250410	追加	49313254	東京海上ターゲット・イヤー・ファンド２０６０	東京海上アセットマネジメント株式会社	20250430		20250430	年1回	対象
20250410	追加	49314254	東京海上ターゲット・イヤー・ファンド２０７０	東京海上アセットマネジメント株式会社	20250430		20250430	年1回	対象
20250410	追加	17315255	ＪＰモルガン・スマート・インカム（為替ヘッジあり、隔月決算型）	ＪＰモルガン・アセット・マネジメント株式会社	20250509	20460319	20250509	隔月	非対象
20250410	追加	17314255	ＪＰモルガン・スマート・インカム（為替ヘッジあり、年１回決算型）	ＪＰモルガン・アセット・マネジメント株式会社	20250509	20460319	20250509	年1回	非対象
20250410	追加	17313255	ＪＰモルガン・スマート・インカム（為替ヘッジなし、隔月決算型）	ＪＰモルガン・アセット・マネジメント株式会社	20250509	20460319	20250509	隔月	非対象
20250410	追加	17312255	ＪＰモルガン・スマート・インカム（為替ヘッジなし、年１回決算型）	ＪＰモルガン・アセット・マネジメント株式会社	20250509	20460319	20250509	年1回	非対象
20250410	追加	03312255	グローバル株式インカム（３ヵ月決算型）予想分配金提示型	三菱ＵＦＪアセットマネジメント株式会社	20250516		20250516	四半期	非対象
20250410	追加	03311255	グローバル株式インカム（年１回決算型）	三菱ＵＦＪアセットマネジメント株式会社	20250516		20250516	年1回	非対象
20250414	追加	01311242	ブランディワイン米国債券戦略ファンド（為替ヘッジあり）	野村アセットマネジメント株式会社	20240216		20250424	年2回	非対象
20250414	追加	01312242	ブランディワイン米国債券戦略ファンド（為替ヘッジなし）	野村アセットマネジメント株式会社	20240216		20250424	年2回	非対象
20250421	追加	03313191	外国株式アクティブファンドセレクション（ラップ専用）	三菱ＵＦＪアセットマネジメント株式会社	20190128		20250426	年1回	非対象
20250421	追加	03314191	外国債券アクティブファンドセレクション（ラップ専用）	三菱ＵＦＪアセットマネジメント株式会社	20190128		20250426	年1回	非対象
20250421	追加	03313214	ラップ向けインデックスｆ　国内株式	三菱ＵＦＪアセットマネジメント株式会社	20210416		20250426	年1回	非対象
20250421	追加	03314214	ラップ向けインデックスｆ　国内債券	三菱ＵＦＪアセットマネジメント株式会社	20210416		20250426	年1回	非対象
20250421	追加	03315214	ラップ向けインデックスｆ　国内リート	三菱ＵＦＪアセットマネジメント株式会社	20210416		20250426	年1回	非対象
20250421	追加	03319214	ラップ向けインデックスｆ　新興国株式	三菱ＵＦＪアセットマネジメント株式会社	20210416		20250426	年1回	非対象
20250421	追加	0331A214	ラップ向けインデックスｆ　新興国債券	三菱ＵＦＪアセットマネジメント株式会社	20210416		20250426	年1回	非対象
20250421	追加	03316214	ラップ向けインデックスｆ　先進国株式	三菱ＵＦＪアセットマネジメント株式会社	20210416		20250426	年1回	非対象
20250421	追加	03317214	ラップ向けインデックスｆ　先進国債券	三菱ＵＦＪアセットマネジメント株式会社	20210416		20250426	年1回	非対象
20250421	追加	03318214	ラップ向けインデックスｆ　先進国リート	三菱ＵＦＪアセットマネジメント株式会社	20210416		20250426	年1回	非対象
20250423	追加	AI311256	ＵＳグローシリーズ（株１００）	スカイオーシャン・アセットマネジメント株式会社	20250623		20250623	年1回	非対象
20250423	追加	AI313256	ＵＳグローシリーズ（株４０）	スカイオーシャン・アセットマネジメント株式会社	20250623		20250623	年1回	非対象
20250423	追加	AI312256	ＵＳグローシリーズ（株７０）	スカイオーシャン・アセットマネジメント株式会社	20250623		20250623	年1回	非対象
20250424	追加	47311191	国内株式アクティブファンドセレクション（ラップ専用）	アセットマネジメントＯｎｅ株式会社	20190118		20250426	年1回	非対象
20250425	変更	0331509A	ｅＭＡＸＩＳ　先進国株式インデックス（除く日本）	三菱ＵＦＪアセットマネジメント株式会社	20091028		20240104	年1回	対象
20250425	変更	0331609A	ｅＭＡＸＩＳ　先進国債券インデックス（除く日本）	三菱ＵＦＪアセットマネジメント株式会社	20091028		20240104	年1回	非対象
20250425	変更	03312167	ｅＭＡＸＩＳ　先進国債券インデックス（除く日本・為替ヘッジあり）	三菱ＵＦＪアセットマネジメント株式会社	20160701		20240104	年1回	非対象
20250425	変更	0331709A	ｅＭＡＸＩＳ　先進国リートインデックス（除く日本）	三菱ＵＦＪアセットマネジメント株式会社	20091028		20240104	年1回	非対象
20250425	変更	03312107	ｅＭＡＸＩＳ　全世界株式インデックス（除く日本）	三菱ＵＦＪアセットマネジメント株式会社	20100720		20240104	年1回	対象
20250502	追加	B6311255	ｓｕｓｔｅｎ新興国インカム・インデックスファンド（年４回決算型）愛称：エマージング・インカム	株式会社ｓｕｓｔｅｎキャピタル・マネジメント	20250519		20250519	四半期	対象
20250512	追加	51311255	ＨＳＢＣ　グローバル・ターゲット利回り債券ファンド２０２５－０５（限定追加型）	ＨＳＢＣアセットマネジメント株式会社	20250519	20450815	20250519	年1回	非対象
20250513	追加	09311256	次世代ＡＩ株式戦略ファンド	ＳＢＩ岡三アセットマネジメント株式会社	20250609	20451109	20250609	年2回	非対象
20250514	追加	03312221	ラップ向けインデックスｆ　先進国株式（為替ヘッジあり）	三菱ＵＦＪアセットマネジメント株式会社	20220106		20250520	年1回	非対象
20250514	追加	03313221	ラップ向けインデックスｆ　先進国債券（為替ヘッジあり）	三菱ＵＦＪアセットマネジメント株式会社	20220106		20250520	年1回	非対象
20250519	追加	04311256	全世界株式インデックス・ファンド（オール・カントリー）	大和アセットマネジメント株式会社	20250602		20250602	年1回	対象
20250519	追加	AJ311256	Ｓｍａｒｔ－ｉ　米国株式配当貴族インデックス	りそなアセットマネジメント株式会社	20250606		20250606	年1回	非対象
20250519	追加	12311256	九州未来ファンド	明治安田アセットマネジメント株式会社	20250627		20250627	年1回	非対象
20250521	追加	AW311256	ティー・ロウ・プライス　米国株式リサーチファンド	ティー・ロウ・プライス・ジャパン株式会社	20250613		20250613	年1回	非対象
20250522	追加	79311228	ＬＧＴ上場プライベート・エクイティ戦略ファンド	三井住友ＤＳアセットマネジメント株式会社	20220805		20250523	年1回	非対象
20250522	追加	47311255	たわらノーロード　インド株式ＮｉｆｔｙＭｉｄｃａｐ５０	アセットマネジメントＯｎｅ株式会社	20250527		20250527	年1回	非対象
20250523	追加	89313256	ＳＢＩ・Ｖ・米国ＲＥＩＴファンド　（年４回決算型）	ＳＢＩアセットマネジメント株式会社	20250603		20250603	四半期	非対象
20250530	変更	25312183	農林中金＜パートナーズ＞日米６資産分散ファンド（安定運用コース）（為替ヘッジあり）	農林中金全共連アセットマネジメント株式会社	20180320		20240104	年1回	非対象
20250530	変更	25311183	農林中金＜パートナーズ＞日米６資産分散ファンド（資産形成コース）（為替ヘッジあり）	農林中金全共連アセットマネジメント株式会社	20180320		20240104	年1回	非対象
20250530	変更	9C31119A	ひふみワールド	レオス・キャピタルワークス株式会社	20191008		20240104	年1回	対象
20250530	変更	9C31119C	ひふみワールド＋	レオス・キャピタルワークス株式会社	20191213		20240104	年1回	対象
20250602	追加	01313256	のむラップ・ファンド（積極型）年３％目標分配金受取型	野村アセットマネジメント株式会社	20250618		20250618	隔月	非対象
20250602	追加	01314256	のむラップ・ファンド（積極型）年６％目標分配金受取型	野村アセットマネジメント株式会社	20250618		20250618	隔月	非対象
20250602	追加	01312256	のむラップ・ファンド（保守型）年３％目標分配金受取型	野村アセットマネジメント株式会社	20250618		20250618	隔月	非対象
20250609	追加	AJ312256	りそなターゲット・イヤー・ファンド２０７０	りそなアセットマネジメント株式会社	20250627	20800325	20250627	年1回	対象
20250609	追加	AJ314256	りそなターゲット・イヤー・ファンド２０７０（運用継続型）	りそなアセットマネジメント株式会社	20250627		20250627	年1回	対象
20250609	追加	AJ313256	りそなターゲット・イヤー・ファンド２０７５	りそなアセットマネジメント株式会社	20250627	20850326	20250627	年1回	対象
20250609	追加	AJ315256	りそなターゲット・イヤー・ファンド２０７５（運用継続型）	りそなアセットマネジメント株式会社	20250627		20250627	年1回	対象
20250610	追加	4831B987	ブラックロック日本小型株オープン	ブラックロック・ジャパン株式会社	19980701		20250614	年2回	非対象
20250616	追加	47318139	フロンティア・ワールド・インカム・ファンド（年１回決算型）	アセットマネジメントＯｎｅ株式会社	20130930	20480915	20250618	年1回	非対象
20250616	追加	03311257	三菱ＵＦＪ　資産配分最適化バランス（Ｒ１）	三菱ＵＦＪアセットマネジメント株式会社	20250702		20250702	年1回	対象
20250616	追加	03312257	三菱ＵＦＪ　資産配分最適化バランス（Ｒ２）	三菱ＵＦＪアセットマネジメント株式会社	20250702		20250702	年1回	対象
20250616	追加	03313257	三菱ＵＦＪ　資産配分最適化バランス（Ｒ３）	三菱ＵＦＪアセットマネジメント株式会社	20250702		20250702	年1回	対象
20250616	追加	03314257	三菱ＵＦＪ　資産配分最適化バランス（Ｒ４）	三菱ＵＦＪアセットマネジメント株式会社	20250702		20250702	年1回	対象
20250616	追加	03315257	三菱ＵＦＪ　資産配分最適化バランス（Ｒ５）	三菱ＵＦＪアセットマネジメント株式会社	20250702		20250702	年1回	対象
20250617	変更	0131119B	のむラップ・ファンド（普通型）年３％目標分配金受取型	野村アセットマネジメント株式会社	20191108		20240104	隔月	非対象
20250617	変更	0131219B	のむラップ・ファンド（普通型）年６％目標分配金受取型	野村アセットマネジメント株式会社	20191108		20240104	隔月	非対象
20250618	変更	01311002	野村国内株式アクティブオープン	野村アセットマネジメント株式会社	20000202		20240104	年2回	非対象
20250619	追加	89314256	ＳＢＩネクスト・フロンティア高配当株式ファンド（年４回決算型）	ＳＢＩアセットマネジメント株式会社	20250624		20250624	四半期	非対象
20250620	変更	2931223B	ニッセイ・Ｓ米国株式５００インデックスファンド＜購入・換金手数料なし＞	ニッセイアセットマネジメント株式会社	20231113		20240104	年1回	非対象
20250620	変更	2931223C	ニッセイ・Ｓ米国連続増配株式インデックスファンド＜購入・換金手数料なし＞	ニッセイアセットマネジメント株式会社	20231218		20240104	年1回	非対象
20250620	変更	29313158	ニッセイ・インデックスバランスファンド（４資産均等型）＜購入・換金手数料なし＞	ニッセイアセットマネジメント株式会社	20150827		20240104	年1回	対象
20250620	変更	2931617A	ニッセイ・インデックスバランスファンド（６資産均等型）＜購入・換金手数料なし＞	ニッセイアセットマネジメント株式会社	20171013		20240104	年1回	対象
20250620	変更	29311182	ニッセイ・インデックスバランスファンド（８資産均等型）＜購入・換金手数料なし＞	ニッセイアセットマネジメント株式会社	20180213		20240104	年1回	非対象
20250620	変更	29313151	ニッセイＪＰＸ日経４００インデックスファンド＜購入・換金手数料なし＞	ニッセイアセットマネジメント株式会社	20150129		20240104	年1回	対象
20250620	変更	29314136	ニッセイＪリートインデックスファンド＜購入・換金手数料なし＞	ニッセイアセットマネジメント株式会社	20130628		20240104	年1回	非対象
20250620	変更	29313233	ニッセイＮＡＳＤＡＱ１００インデックスファンド＜購入・換金手数料なし＞	ニッセイアセットマネジメント株式会社	20230331		20240104	年1回	非対象
20250620	変更	29314233	ニッセイＳＯＸ指数インデックスファンド（米国半導体株）＜購入・換金手数料なし＞	ニッセイアセットマネジメント株式会社	20230331		20240104	年1回	非対象
20250620	変更	29312154	ニッセイＴＯＰＩＸインデックスファンド＜購入・換金手数料なし＞	ニッセイアセットマネジメント株式会社	20150427		20240104	年1回	対象
20250620	変更	2931113C	ニッセイ外国株式インデックスファンド＜購入・換金手数料なし＞	ニッセイアセットマネジメント株式会社	20131210		20240104	年1回	対象
20250620	変更	2931213C	ニッセイ外国債券インデックスファンド＜購入・換金手数料なし＞	ニッセイアセットマネジメント株式会社	20131210		20240104	年1回	非対象
20250620	変更	2931313C	ニッセイグローバルリートインデックスファンド＜購入・換金手数料なし＞	ニッセイアセットマネジメント株式会社	20131210		20240104	年1回	非対象
20250620	変更	29314151	ニッセイ国内債券インデックスファンド＜購入・換金手数料なし＞	ニッセイアセットマネジメント株式会社	20150129		20240104	年1回	非対象
20250620	変更	2931517A	ニッセイ新興国株式インデックスファンド＜購入・換金手数料なし＞	ニッセイアセットマネジメント株式会社	20171013		20240104	年1回	対象
20250620	変更	29312206	ニッセイ世界株式ファンド（ＧＤＰ型バスケット）＜購入・換金手数料なし＞	ニッセイアセットマネジメント株式会社	20200629		20240104	年1回	対象
20250620	変更	2931316B	ニッセイ日経平均インデックスファンド＜購入・換金手数料なし＞	ニッセイアセットマネジメント株式会社	20161121		20240104	年1回	対象
20250620	変更	29312244	ニッセイゴールドファンド（為替ヘッジあり）＜購入・換金手数料なし＞	ニッセイアセットマネジメント株式会社	20240430		20240430	年1回	非対象
20250620	変更	29313244	ニッセイゴールドファンド（為替ヘッジなし）＜購入・換金手数料なし＞	ニッセイアセットマネジメント株式会社	20240430		20240430	年1回	非対象
20250620	追加	9I311257	楽天・ターゲットイヤー２０５５	楽天投信投資顧問株式会社	20250718		20250718	年1回	非対象
20250620	追加	9I312257	楽天・ターゲットイヤー２０６０	楽天投信投資顧問株式会社	20250718		20250718	年1回	非対象
20250627	追加	AB311257	ベトナム＆アジア成長国ファンド	ファイブスター投信投資顧問株式会社	20250731		20250731	四半期	非対象
20250630	変更	64316168	ＳＭＴ　日本株配当貴族インデックス・オープン	三井住友トラスト・アセットマネジメント株式会社	20160830		20240104	年2回	対象
20250630	追加	AE312257	あおぞら・　新グローバル・プレミアム・ファンド（当初漸増期間付、限定追加型）　２０２５－０７	あおぞら投信株式会社	20250731	20470422	20250731	年1回	非対象
20250701	追加	9I315257	楽天・エマージング株式インデックス・ファンド	楽天投信投資顧問株式会社	20250718		20250718	年1回	対象
20250701	追加	9I313257	楽天・オールカントリー株式（除く日本）インデックス・ファンド	楽天投信投資顧問株式会社	20250718		20250718	年1回	対象
20250701	追加	9I314257	楽天・高配当株式・日本ファンド（資産成長型）	楽天投信投資顧問株式会社	20250718		20250718	年1回	非対象
20250701	追加	9I316257	楽天・シュワブ・高配当株式・米国ファンド（資産成長型）	楽天投信投資顧問株式会社	20250725		20250725	年1回	非対象
20250701	追加	35311257	ＧＳ　Ｐｌｕｓ全世界株式（オール・カントリー）	ゴールドマン・サックス・アセット・マネジメント株式会社	20250730		20250730	年1回	非対象
20250704	追加	29311257	ＦＷニッセイゴールドファンド	ニッセイアセットマネジメント株式会社	20250722		20250722	年1回	非対象
20250704	追加	89311257	ＳＢＩ・Ⅴ・全世界株式（除く米国）ファンド	ＳＢＩアセットマネジメント株式会社	20250731		20250731	年1回	非対象
20250707	追加	0431518B	ダイワ／バリュー・パートナーズ・チャイナ・イノベーター・ファンド	大和アセットマネジメント株式会社	20181116	20451110	20250806	年2回	非対象
20250711	追加	47312257	Ｏｎｅ／ウエリントン・コントラリアン・バリュー・ファンド	アセットマネジメントＯｎｅ株式会社	20250731	20460801	20250731	年1回	非対象
20250711	追加	47313257	暗号資産関連株式ファンド	アセットマネジメントＯｎｅ株式会社	20250731	20460710	20250731	年1回	非対象
20250711	追加	03311259	モルガン・スタンレー　米国株式インサイト戦略ファンド（為替ヘッジあり）	三菱ＵＦＪアセットマネジメント株式会社	20250902		20250902	年1回	非対象
20250711	追加	03312259	モルガン・スタンレー　米国株式インサイト戦略ファンド（為替ヘッジなし）	三菱ＵＦＪアセットマネジメント株式会社	20250902		20250902	年1回	非対象
20250714	追加	04312257	ｉＦｒｅｅＮＥＸＴ　全世界半導体株インデックス	大和アセットマネジメント株式会社	20250729	20450728	20250729	年1回	非対象
20250715	追加	04311235	グローバル・ダイナミックチェンジ	大和アセットマネジメント株式会社	20230522	20460521	20250815	年2回	非対象
20250716	追加	55312258	ステート・ストリート・ゴールド・オープン（為替ヘッジあり）	ステート・ストリート・グローバル・アドバイザーズ株式会社	20250814		20250814	年1回	非対象
20250716	追加	55311258	ステート・ストリート・ゴールド・オープン（為替ヘッジなし）	ステート・ストリート・グローバル・アドバイザーズ株式会社	20250814		20250814	年1回	非対象
20250716	追加	35311258	ＧＳグローバル（除く米国）割安高配当株式ファンド　年１回決算コース	ゴールドマン・サックス・アセット・マネジメント株式会社	20250819		20250819	年1回	非対象
20250716	追加	35312258	ＧＳグローバル（除く米国）割安高配当株式ファンド　年４回決算コース	ゴールドマン・サックス・アセット・マネジメント株式会社	20250819		20250819	四半期	非対象
20250718	追加	64312257	Ｍｙ　ＳＭＴ　ラッセル２０００米国中小型株式インデックス（ノーロード）	三井住友トラスト・アセットマネジメント株式会社	20250731		20250731	年1回	非対象
20250718	追加	64313257	Ｍｙ　ＳＭＴ　ラッセル３０００全米株式インデックス（ノーロード）	三井住友トラスト・アセットマネジメント株式会社	20250731		20250731	年1回	非対象
20250718	追加	AJ312258	全世界株式・ゴールドアロケーションファンド	りそなアセットマネジメント株式会社	20250808		20250808	年1回	非対象
20250718	追加	AJ311258	日本株式・ゴールドアロケーションファンド	りそなアセットマネジメント株式会社	20250808		20250808	年1回	非対象
20250718	追加	9I312258	楽天・欧州株式インデックス・ファンド	楽天投信投資顧問株式会社	20250814		20250814	年1回	非対象
20250722	追加	25315257	ＪＡバンクよりそいノーロード新興国株式	農林中金全共連アセットマネジメント株式会社	20250729		20250729	年1回	対象
20250722	追加	25314257	ＪＡバンクよりそいノーロード先進国株式（除く日本）	農林中金全共連アセットマネジメント株式会社	20250729		20250729	年1回	対象
20250722	追加	25313257	ＪＡバンクよりそいノーロード全世界株式	農林中金全共連アセットマネジメント株式会社	20250729		20250729	年1回	対象
20250722	追加	25311257	ＪＡバンクよりそいノーロード日本株式　日経２２５	農林中金全共連アセットマネジメント株式会社	20250729		20250729	年1回	対象
20250722	追加	25312257	ＪＡバンクよりそいノーロード米国株式　Ｓ＆Ｐ５００	農林中金全共連アセットマネジメント株式会社	20250729		20250729	年1回	対象
20250724	変更	03319172	ｅＭＡＸＩＳ　Ｓｌｉｍ　先進国株式インデックス（除く日本）	三菱ＵＦＪアセットマネジメント株式会社	20170227		20240104	年1回	対象
20250724	変更	0331A172	ｅＭＡＸＩＳ　Ｓｌｉｍ　先進国債券インデックス（除く日本）	三菱ＵＦＪアセットマネジメント株式会社	20170227		20240104	年1回	非対象
20250724	変更	0331219A	ｅＭＡＸＩＳ　Ｓｌｉｍ　先進国リートインデックス（除く日本）	三菱ＵＦＪアセットマネジメント株式会社	20191031		20240104	年1回	非対象
20250801	追加	29313258	ニッセイ・インド株式オープン（３ヵ月決算型）	ニッセイアセットマネジメント株式会社	20250825		20250825	四半期	非対象
20250801	追加	29312258	ニッセイ・インド株式オープン（資産成長型）	ニッセイアセットマネジメント株式会社	20250825		20250825	年1回	非対象
20250806	追加	04311258	ｉＦｒｅｅＨＯＬＤ　日本国債（ＪＧＢ２０５６）	大和アセットマネジメント株式会社	20250821	20560327	20250821	年1回	非対象
20250808	変更	4731316C	ＡＩプラスファンド	アセットマネジメントＯｎｅ株式会社	20161220		20240104	年2回	非対象
20250808	変更	4731M15C	ＬＯＳＡ長期保有型国際分散インデックスファンド	アセットマネジメントＯｎｅ株式会社	20151228		20240104	年1回	対象
20250808	変更	4731B233	インデックスオープン・アメリカ株式	アセットマネジメントＯｎｅ株式会社	20230322		20240104	年1回	対象
20250808	変更	47315236	インデックスオープン・世界株式	アセットマネジメントＯｎｅ株式会社	20230628		20240104	年1回	対象
20250808	変更	47316236	インデックスオープン・先進国株式	アセットマネジメントＯｎｅ株式会社	20230628		20240104	年1回	対象
20250808	変更	47316213	インデックスオープン・日経２２５	アセットマネジメントＯｎｅ株式会社	20210308		20240104	年1回	対象
20250812	追加	0331119B	米国ＩＰＯニューステージ・ファンド＜為替ヘッジあり＞（資産成長型）	三菱ＵＦＪアセットマネジメント株式会社	20191115		20250815	年1回	非対象
20250812	追加	0331219B	米国ＩＰＯニューステージ・ファンド＜為替ヘッジあり＞（年２回決算型）	三菱ＵＦＪアセットマネジメント株式会社	20191115		20250815	年2回	非対象
20250812	追加	0331319B	米国ＩＰＯニューステージ・ファンド＜為替ヘッジなし＞（資産成長型）	三菱ＵＦＪアセットマネジメント株式会社	20191115		20250815	年1回	非対象
20250812	追加	0331419B	米国ＩＰＯニューステージ・ファンド＜為替ヘッジなし＞（年２回決算型）	三菱ＵＦＪアセットマネジメント株式会社	20191115		20250815	年2回	非対象
20250812	追加	79311259	ドナルド・スミス　グローバル・ディープバリュー戦略株式ファンド	三井住友ＤＳアセットマネジメント株式会社	20250911		20250911	年1回	非対象
20250814	追加	04313258	ゴールデントリオ（米国株・インド株・ゴールド）（資産成長型）	大和アセットマネジメント株式会社	20250829	20451212	20250829	年2回	非対象
20250814	追加	04314258	ゴールデントリオ（米国株・インド株・ゴールド）（予想分配金提示型）	大和アセットマネジメント株式会社	20250829	20451212	20250829	四半期	非対象
20250815	追加	29314259	ニッセイ・Ｓ欧州株式５００インデックスファンド＜購入・換金手数料なし＞	ニッセイアセットマネジメント株式会社	20250910		20250910	年1回	非対象
20250819	追加	0331313C	三菱ＵＦＪ　Ｓ＆Ｐ５００配当貴族インデックスファンド＜為替ヘッジあり＞	三菱ＵＦＪアセットマネジメント株式会社	20131209		20250826	年2回	非対象
20250819	追加	0331213C	三菱ＵＦＪ　Ｓ＆Ｐ５００配当貴族インデックスファンド＜為替ヘッジなし＞	三菱ＵＦＪアセットマネジメント株式会社	20131209		20250826	年2回	非対象
20250821	追加	89312259	ＳＢＩ・Ｓ・米国高配当株式ファンド（年１回決算型）	ＳＢＩアセットマネジメント株式会社	20250912		20250912	年1回	非対象
20250821	追加	68311259	ニューバーガー・インド成長株ファンド（資産成長型）	朝日ライフ　アセットマネジメント株式会社	20250924	20450928	20250924	年1回	非対象
20250821	追加	68312259	ニューバーガー・インド成長株ファンド（年４回決算型）	朝日ライフ　アセットマネジメント株式会社	20250924	20450928	20250924	四半期	非対象
20250821	追加	89313259	ＳＢＩ日本高配当株式ファンド（年１回決算型）	ＳＢＩアセットマネジメント株式会社	20250926		20250926	年1回	非対象
20250822	追加	9Y311259	カレラ英連邦３国ファンド	カレラアセットマネジメント株式会社	20250925	20550921	20250925	四半期	非対象
20250825	追加	3231125A	フィデリティ・アクティブ・ラップファンド（アグレッシブ）	フィデリティ投信株式会社	20251007		20251007	年1回	非対象
20250825	追加	3231325A	フィデリティ・アクティブ・ラップファンド（グロース）	フィデリティ投信株式会社	20251007		20251007	年1回	非対象
20250825	追加	3231225A	フィデリティ・アクティブ・ラップファンド（スタンダード）	フィデリティ投信株式会社	20251007		20251007	年1回	非対象
20250827	追加	89314259	ＳＢＩ　次世代テクノロジー戦略ファンド	ＳＢＩアセットマネジメント株式会社	20250917		20250917	年1回	非対象
20250828	追加	18311256	インベスコＱＱＱ　メガ・ファンド	インベスコ・アセット・マネジメント株式会社	20250630		20250911	年1回	非対象
20250829	変更	02312236	Ｎｉつみインデックスラップ世界１０指数（安定成長型）	アモーヴァ・アセットマネジメント株式会社	20230620		20240104	年1回	対象
20250829	変更	02311236	Ｎｉつみインデックスラップ世界１０指数（均等型）	アモーヴァ・アセットマネジメント株式会社	20230620		20240104	年1回	対象
20250829	変更	02312234	Ｔｒａｃｅｒｓ　ＭＳＣＩオール・カントリー・インデックス（全世界株式）	アモーヴァ・アセットマネジメント株式会社	20230426		20240104	年1回	対象
20250829	変更	0231122A	Ｔｒａｃｅｒｓ　Ｓ＆Ｐ５００配当貴族インデックス（米国株式）	アモーヴァ・アセットマネジメント株式会社	20221028		20240104	年1回	非対象
20250829	変更	02311232	Ｔｒａｃｅｒｓ　グローバル３分法（おとなのバランス）	アモーヴァ・アセットマネジメント株式会社	20230210		20240104	年1回	対象
20250829	変更	02311151	アジア・ヘルスケア株式ファンド	アモーヴァ・アセットマネジメント株式会社	20150116		20240104	年2回	非対象
20250829	変更	02314239	アセアン・ギガトレンド株式ファンド	アモーヴァ・アセットマネジメント株式会社	20230926	20450915	20240104	年1回	非対象
20250829	変更	02311066	五大陸株式ファンド	アモーヴァ・アセットマネジメント株式会社	20060612		20240104	四半期	非対象
20250829	変更	02311886	インデックスファンド２２５	アモーヴァ・アセットマネジメント株式会社	19880617		20240104	年1回	非対象
20250829	変更	0231O01A	インデックスファンド２２５（日本株式）	アモーヴァ・アセットマネジメント株式会社	20011031		20240104	年1回	対象
20250829	変更	02312143	インデックスファンドＤＡＸ（ドイツ株式）	アモーヴァ・アセットマネジメント株式会社	20140310	20490219	20240104	年1回	非対象
20250829	変更	02317141	インデックスファンドＪＰＸ日経４００	アモーヴァ・アセットマネジメント株式会社	20140131		20240104	年1回	非対象
20250829	変更	0231123C	インデックスファンドＪリート（東証ＲＥＩＴ指数）偶数月分配型	アモーヴァ・アセットマネジメント株式会社	20231218		20240104	隔月	非対象
20250829	変更	02311234	インデックスファンドＭＳＣＩオール・カントリー（全世界株式）	アモーヴァ・アセットマネジメント株式会社	20230426		20240104	年1回	非対象
20250829	変更	02314208	インデックスファンドＮＡＳＤＡＱ１００（アメリカ株式）	アモーヴァ・アセットマネジメント株式会社	20200831		20240104	年1回	非対象
20250829	変更	02314143	インデックスファンドＮＹダウ３０（アメリカ株式）	アモーヴァ・アセットマネジメント株式会社	20140331		20240104	年1回	対象
20250829	変更	02316228	インデックスファンドＳ＆Ｐ５００（アメリカ株式）	アモーヴァ・アセットマネジメント株式会社	20220831		20240104	年1回	非対象
20250829	変更	02313239	インデックスファンドＳＯＸ指数（米国上場半導体株式）	アモーヴァ・アセットマネジメント株式会社	20230929		20240104	年1回	非対象
20250829	変更	0231N01A	インデックスファンドＴＯＰＩＸ（日本株式）	アモーヴァ・アセットマネジメント株式会社	20011031		20240104	年1回	対象
20250829	変更	02311862	インデックスファンドＴＳＰ	アモーヴァ・アセットマネジメント株式会社	19860213		20240104	年1回	非対象
20250829	変更	0231D01A	インデックスファンド海外株式（ヘッジあり）	アモーヴァ・アセットマネジメント株式会社	20011017		20240104	年1回	対象
20250829	変更	0231C01A	インデックスファンド海外株式（ヘッジなし）	アモーヴァ・アセットマネジメント株式会社	20011017		20240104	年1回	対象
20250829	変更	0231F01A	インデックスファンド海外債券（ヘッジあり）１年決算型	アモーヴァ・アセットマネジメント株式会社	20011017		20240104	年1回	非対象
20250829	変更	0231E01A	インデックスファンド海外債券（ヘッジなし）１年決算型	アモーヴァ・アセットマネジメント株式会社	20011017		20240104	年1回	非対象
20250829	変更	02311084	インデックスファンド海外新興国（エマージング）株式	アモーヴァ・アセットマネジメント株式会社	20080401		20240104	年1回	対象
20250829	変更	02312084	インデックスファンド海外新興国（エマージング）債券（１年決算型）	アモーヴァ・アセットマネジメント株式会社	20080401		20240104	年1回	非対象
20250829	変更	0231B01A	インデックスファンド日本債券（１年決算型）	アモーヴァ・アセットマネジメント株式会社	20011017		20240104	年1回	非対象
20250829	変更	02312145	インド株式フォーカス（奇数月分配型）	アモーヴァ・アセットマネジメント株式会社	20140516	20490312	20240104	隔月	非対象
20250829	変更	02311089	オーストラリア株式ファンド	アモーヴァ・アセットマネジメント株式会社	20080926	20490813	20240104	四半期	非対象
20250829	変更	02311791	キャピタルオープン	アモーヴァ・アセットマネジメント株式会社	19790111		20240104	年1回	非対象
20250829	変更	02311227	グローバル・アグリカルチャー＆フード株式ファンド	アモーヴァ・アセットマネジメント株式会社	20220729		20240104	年1回	非対象
20250829	変更	02311214	グローバル・エクスポネンシャル・イノベーション・ファンド	アモーヴァ・アセットマネジメント株式会社	20210426		20240104	年1回	非対象
20250829	変更	02312188	グローバル・スペース株式ファンド（１年決算型）	アモーヴァ・アセットマネジメント株式会社	20180813		20240104	年1回	非対象
20250829	変更	02312216	グローバル・スペース株式ファンド（為替ヘッジあり・１年決算型）	アモーヴァ・アセットマネジメント株式会社	20210609	20490607	20240104	年1回	非対象
20250829	変更	02313216	グローバル・スペース株式ファンド（為替ヘッジあり・年２回決算型）	アモーヴァ・アセットマネジメント株式会社	20210609	20490607	20240104	年2回	非対象
20250829	変更	02311216	グローバル・スペース株式ファンド（年２回決算型）	アモーヴァ・アセットマネジメント株式会社	20210609		20240104	年2回	非対象
20250829	変更	0231116C	グローバル・フィンテック株式ファンド	アモーヴァ・アセットマネジメント株式会社	20161216		20240104	年1回	非対象
20250829	変更	02313179	グローバル・フィンテック株式ファンド（為替ヘッジあり）	アモーヴァ・アセットマネジメント株式会社	20170915		20240104	年1回	非対象
20250829	変更	02314179	グローバル・フィンテック株式ファンド（為替ヘッジあり・年２回決算型）	アモーヴァ・アセットマネジメント株式会社	20170915		20240104	年2回	非対象
20250829	変更	02312179	グローバル・フィンテック株式ファンド（年２回決算型）	アモーヴァ・アセットマネジメント株式会社	20170915		20240104	年2回	非対象
20250829	変更	02312196	グローバル・プロスペクティブ・ファンド	アモーヴァ・アセットマネジメント株式会社	20190628		20240104	年1回	非対象
20250829	変更	02311223	グローバル・メタバース株式ファンド	アモーヴァ・アセットマネジメント株式会社	20220331		20240104	年1回	非対象
20250829	変更	02311181	グローバル・モビリティ・サービス株式ファンド（１年決算型）	アモーヴァ・アセットマネジメント株式会社	20180131		20240104	年1回	非対象
20250829	変更	0231120A	グローバル・モビリティ・サービス株式ファンド（年２回決算型）	アモーヴァ・アセットマネジメント株式会社	20201021		20240104	年2回	非対象
20250829	変更	02311158	グローバル・ロボティクス株式ファンド（１年決算型）	アモーヴァ・アセットマネジメント株式会社	20150831		20240104	年1回	非対象
20250829	変更	02311171	グローバル・ロボティクス株式ファンド（為替ヘッジあり・１年決算型）	アモーヴァ・アセットマネジメント株式会社	20170123		20240104	年1回	非対象
20250829	変更	02312171	グローバル・ロボティクス株式ファンド（為替ヘッジあり・年２回決算型）	アモーヴァ・アセットマネジメント株式会社	20170123		20240104	年2回	非対象
20250829	変更	02312158	グローバル・ロボティクス株式ファンド（年２回決算型）	アモーヴァ・アセットマネジメント株式会社	20150831		20240104	年2回	非対象
20250829	変更	02311163	グローバル株式トップフォーカス	アモーヴァ・アセットマネジメント株式会社	20160331		20240104	年1回	非対象
20250829	変更	0231105B	グローバル高配当株式ファンド（奇数月分配型）	アモーヴァ・アセットマネジメント株式会社	20051122		20240104	隔月	非対象
20250829	変更	02311218	グローバル水素株式ファンド	アモーヴァ・アセットマネジメント株式会社	20210816		20240104	年1回	非対象
20250829	変更	02312191	グローバル全生物ゲノム株式ファンド（１年決算型）	アモーヴァ・アセットマネジメント株式会社	20190116		20240104	年1回	非対象
20250829	変更	02311209	グローバル全生物ゲノム株式ファンド（年２回決算型）	アモーヴァ・アセットマネジメント株式会社	20200910		20240104	年2回	非対象
20250829	変更	0231708B	高金利先進国債券オープン（資産成長型）	アモーヴァ・アセットマネジメント株式会社	20081112		20240104	年1回	非対象
20250829	変更	02319179	ゴールド・ファンド　為替ヘッジあり（ＳＭＡ専用）	アモーヴァ・アセットマネジメント株式会社	20170929		20240104	年1回	非対象
20250829	変更	02311177	ゴールド・ファンド（為替ヘッジあり）	アモーヴァ・アセットマネジメント株式会社	20170731		20240104	年1回	非対象
20250829	変更	02312177	ゴールド・ファンド（為替ヘッジなし）	アモーヴァ・アセットマネジメント株式会社	20170731		20240104	年1回	非対象
20250829	変更	02311191	国内株式アクティブバリューファンド（ＳＭＡ専用）	アモーヴァ・アセットマネジメント株式会社	20190111	20491025	20240104	年1回	非対象
20250829	変更	02311152	国内株式エンハンスト運用戦略ファンド（ＳＭＡ専用）	アモーヴァ・アセットマネジメント株式会社	20150213	20490215	20240104	年1回	非対象
20250829	変更	02311237	財産３分法ファンド（不動産・債券・株式）奇数月分配型	アモーヴァ・アセットマネジメント株式会社	20230712		20240104	隔月	非対象
20250829	変更	02311098	財産３分法ファンド（不動産・債券・株式）資産成長型	アモーヴァ・アセットマネジメント株式会社	20090807		20240104	年1回	非対象
20250829	変更	02311221	ジパング・オーナー企業株式ファンド	アモーヴァ・アセットマネジメント株式会社	20220131		20240104	年1回	非対象
20250829	変更	02311197	ジパング企業債ファンド	アモーヴァ・アセットマネジメント株式会社	20190702		20240104	年2回	非対象
20250829	変更	02311161	ジャパン・ロボティクス株式ファンド（１年決算型）	アモーヴァ・アセットマネジメント株式会社	20160129		20240104	年1回	非対象
20250829	変更	02312161	ジャパン・ロボティクス株式ファンド（年２回決算型）	アモーヴァ・アセットマネジメント株式会社	20160129		20240104	年2回	非対象
20250829	変更	0231223C	ジャパン半導体株式ファンド	アモーヴァ・アセットマネジメント株式会社	20231222		20240104	年1回	非対象
20250829	変更	02311179	新シルクロード経済圏ファンド	アモーヴァ・アセットマネジメント株式会社	20170907		20240104	年1回	非対象
20250829	変更	0231217B	深セン・イノベーション株式ファンド（１年決算型）	アモーヴァ・アセットマネジメント株式会社	20171130		20240104	年1回	非対象
20250829	変更	02313137	スマート・ファイブ（１年決算型）	アモーヴァ・アセットマネジメント株式会社	20130716		20240104	年1回	非対象
20250829	変更	02311074	世界好配当インフラ株ファンド（偶数月分配型）	アモーヴァ・アセットマネジメント株式会社	20070426		20240104	隔月	非対象
20250829	変更	0231408B	世界高配当株式ファンド（資産成長型）	アモーヴァ・アセットマネジメント株式会社	20081112	20491118	20240104	年1回	非対象
20250829	変更	02312166	先進国資本エマージング株式ファンド（１年決算型）	アモーヴァ・アセットマネジメント株式会社	20160630		20240104	年1回	非対象
20250829	変更	02311219	チャイナ・エネルギー・イノベーション株式ファンド	アモーヴァ・アセットマネジメント株式会社	20210910	20490913	20240104	年1回	非対象
20250829	変更	02312052	中国Ａ株ファンド	アモーヴァ・アセットマネジメント株式会社	20050228		20240104	年1回	非対象
20250829	変更	02311056	中国Ａ株ファンド２	アモーヴァ・アセットマネジメント株式会社	20050615		20240104	年1回	非対象
20250829	変更	02311935	低位株オープン	アモーヴァ・アセットマネジメント株式会社	19930528		20240104	年1回	非対象
20250829	変更	02311207	デジタル・トランスフォーメーション株式ファンド	アモーヴァ・アセットマネジメント株式会社	20200731		20240104	年1回	非対象
20250829	変更	0231514A	日興ＵＳグローイング・ベンチャーファンド	アモーヴァ・アセットマネジメント株式会社	20141001		20240104	年1回	非対象
20250829	変更	0231100C	日興アクティブ・ダイナミクス	アモーヴァ・アセットマネジメント株式会社	20001215		20240104	年1回	非対象
20250829	変更	0231197A	日興アクティブバリュー	アモーヴァ・アセットマネジメント株式会社	19971031		20240104	年1回	非対象
20250829	変更	02311998	日興エコファンド	アモーヴァ・アセットマネジメント株式会社	19990820		20240104	年1回	非対象
20250829	変更	02311004	日興エボリューション	アモーヴァ・アセットマネジメント株式会社	20000421		20240104	年1回	非対象
20250829	変更	02311054	日興キャッシュリッチ・ファンド	アモーヴァ・アセットマネジメント株式会社	20050415		20240104	年1回	非対象
20250829	変更	02311002	日興クオンツ・アクティブ・ジャパン	アモーヴァ・アセットマネジメント株式会社	20000218		20240104	年1回	非対象
20250829	変更	02311037	日興グローイング・ベンチャーファンド	アモーヴァ・アセットマネジメント株式会社	20030718		20240104	年1回	非対象
20250829	変更	02311047	日興グローバルＲＥＩＴファンド（６ヵ月決算型）	アモーヴァ・アセットマネジメント株式会社	20040701		20240104	年2回	非対象
20250829	変更	0231308B	日興グローバルＲＥＩＴファンド資産成長型（ヘッジなし）	アモーヴァ・アセットマネジメント株式会社	20081112	20490105	20240104	年1回	非対象
20250829	変更	02311988	日興ジャパンオープン	アモーヴァ・アセットマネジメント株式会社	19980828		20240104	年1回	非対象
20250829	変更	02311085	日興ジャパン高配当株式ファンド	アモーヴァ・アセットマネジメント株式会社	20080530		20240104	四半期	非対象
20250829	変更	0231205B	日興中小型グロース・ファンド	アモーヴァ・アセットマネジメント株式会社	20051121		20240104	年1回	非対象
20250829	変更	0231396C	日本新興株オープン	アモーヴァ・アセットマネジメント株式会社	19961227		20240104	年1回	非対象
20250829	変更	0231Q01A	年金積立　Ｊグロース	アモーヴァ・アセットマネジメント株式会社	20011031		20240104	年1回	対象
20250829	変更	0231J01A	年金積立　インターナショナル・グロース・ファンド	アモーヴァ・アセットマネジメント株式会社	20011025		20240104	年1回	非対象
20250829	変更	0231I01A	年金積立　日本短期債券オープン	アモーヴァ・アセットマネジメント株式会社	20011025		20240104	年1回	非対象
20250829	変更	0231119A	ビッグデータ新興国小型株ファンド（１年決算型）	アモーヴァ・アセットマネジメント株式会社	20191031		20240104	年1回	非対象
20250829	変更	02311205	華流国潮イノベーション株式ファンド（１年決算型）	アモーヴァ・アセットマネジメント株式会社	20200511	20490518	20240104	年1回	非対象
20250829	変更	02312239	ファイン・ブレンド（奇数月分配型）	アモーヴァ・アセットマネジメント株式会社	20230911		20240104	隔月	非対象
20250829	変更	02312133	ファイン・ブレンド（資産成長型）	アモーヴァ・アセットマネジメント株式会社	20130325		20240104	年1回	非対象
20250829	変更	02314233	米国超長期プライム社債ファンド（１年決算型）	アモーヴァ・アセットマネジメント株式会社	20230316		20240104	年1回	非対象
20250829	変更	02313233	米国超長期プライム社債ファンド（奇数月分配型）	アモーヴァ・アセットマネジメント株式会社	20230316		20240104	隔月	非対象
20250829	変更	02311009	ミュータント	アモーヴァ・アセットマネジメント株式会社	20000928		20240104	年1回	非対象
20250829	変更	0231313A	ラサール・グローバルＲＥＩＴファンド（１年決算型）	アモーヴァ・アセットマネジメント株式会社	20131021		20240104	年1回	非対象
20250829	変更	02311238	ラサール・グローバルＲＥＩＴファンド（奇数月分配型）	アモーヴァ・アセットマネジメント株式会社	20230809		20240104	隔月	非対象
20250829	変更	02311916	利益還元成長株オープン	アモーヴァ・アセットマネジメント株式会社	19910626		20240104	年1回	非対象
20250829	変更	0231212C	ロックフェラー・オールアメリカ株式ファンド	アモーヴァ・アセットマネジメント株式会社	20121227		20240104	年1回	非対象
20250829	変更	02313241	Ｔｒａｃｅｒｓ　日経平均高配当株５０インデックス（奇数月分配型）	アモーヴァ・アセットマネジメント株式会社	20240131		20240131	隔月	非対象
20250829	変更	02312241	インデックスファンド日経平均高配当株５０（奇数月分配型）	アモーヴァ・アセットマネジメント株式会社	20240131		20240131	隔月	非対象
20250829	変更	02312245	Ｔｒａｃｅｒｓ　Ｓ＆Ｐ５００トップ１０インデックス（米国株式）	アモーヴァ・アセットマネジメント株式会社	20240516		20240516	年1回	非対象
20250829	変更	02311245	全世界超分散株式ファンド	アモーヴァ・アセットマネジメント株式会社	20240517		20240517	年1回	非対象
20250829	変更	02311246	２０５０年満期米国国債ファンド（年４回分配型）	アモーヴァ・アセットマネジメント株式会社	20240628	20501216	20240628	四半期	非対象
20250829	変更	0231187B	インデックスポートフォリオ	アモーヴァ・アセットマネジメント株式会社	19871127		20240808	年1回	対象
20250829	変更	02314172	新・ミューズニッチ米国ＢＤＣファンド（為替ヘッジあり・年２回決算型）	アモーヴァ・アセットマネジメント株式会社	20170203	20450519	20240821	年2回	非対象
20250829	変更	02312172	新・ミューズニッチ米国ＢＤＣファンド（為替ヘッジなし・年２回決算型）	アモーヴァ・アセットマネジメント株式会社	20170203	20450519	20240821	年2回	非対象
20250829	変更	02311248	新・ミューズニッチ米国ＢＤＣファンド（為替ヘッジなし・年４回分配型）	アモーヴァ・アセットマネジメント株式会社	20240821	20450519	20240821	四半期	非対象
20250829	変更	0231124A	インデックスファンドＮｉｆｔｙ５０（インド株式）	アモーヴァ・アセットマネジメント株式会社	20241007		20241007	年1回	非対象
20250829	変更	0231124B	Ｔｒａｃｅｒｓ　Ｓ＆Ｐ１０００インデックス（米国中小型株式）	アモーヴァ・アセットマネジメント株式会社	20241112		20241112	年1回	非対象
20250829	変更	0231324B	グローバルＣｏＣｏ債ファンド（為替ヘッジあり・１年決算型）	アモーヴァ・アセットマネジメント株式会社	20241120	20450817	20241120	年1回	非対象
20250829	変更	0231524B	グローバルＣｏＣｏ債ファンド（為替ヘッジあり・年４回分配型）	アモーヴァ・アセットマネジメント株式会社	20241120	20450817	20241120	四半期	非対象
20250829	変更	0231224B	グローバルＣｏＣｏ債ファンド（為替ヘッジなし・１年決算型）	アモーヴァ・アセットマネジメント株式会社	20241120	20450817	20241120	年1回	非対象
20250829	変更	0231424B	グローバルＣｏＣｏ債ファンド（為替ヘッジなし・年４回分配型）	アモーヴァ・アセットマネジメント株式会社	20241120	20450817	20241120	四半期	非対象
20250829	変更	02312255	Ｔｒａｃｅｒｓ　ＤＪ　ＵＳディビデンド１００（米国高配当株式）年４回分配型	アモーヴァ・アセットマネジメント株式会社	20250529		20250529	四半期	非対象
20250829	追加	09311259	ジャパン・クリエイティブコンテンツ関連株ファンド	ＳＢＩ岡三アセットマネジメント株式会社	20250926	20460209	20250926	年2回	非対象
20250901	追加	12311258	にいがた未来応援アジア・パシフィック株式ファンド	明治安田アセットマネジメント株式会社	20250829		20250829	年1回	非対象
20250912	追加	9H31125A	パリミキ・ファミリーオフィス・ファンド	株式会社パリミキアセットマネジメント	20251001		20251001	年1回	非対象
20250917	追加	47313259	たわらノーロード　ゴールド	アセットマネジメントＯｎｅ株式会社	20250922		20250922	年1回	非対象
20250919	追加	01312098	野村世界業種別投資シリーズ（世界金融株投資）	野村アセットマネジメント株式会社	20090827		20250925	年1回	非対象
20250919	追加	01314098	野村世界業種別投資シリーズ（世界資源株投資）	野村アセットマネジメント株式会社	20090827		20250925	年1回	非対象
20250925	変更	09312186	北米リート・ファンド	ＳＢＩ岡三アセットマネジメント株式会社	20180620		20240104	隔月	非対象
20250926	追加	0131125A	野村日本バリュー厳選投資	野村アセットマネジメント株式会社	20251022		20251022	年1回	非対象
20251002	追加	0231225A	米国上場プライベートアセット（ＢＤＣ）ファンド（年４回分配型）	アモーヴァ・アセットマネジメント株式会社	20251030	20451120	20251030	四半期	非対象
20251002	追加	8931125B	ＳＢＩネクスト・フロンティア高配当株式ファンド（年１回決算型）	ＳＢＩアセットマネジメント株式会社	20251105		20251105	年1回	非対象
20251007	追加	AW31125B	ティー・ロウ・プライス　キャピタル・アプリシエーション・ファンド　Ａコース（為替ヘッジあり）	ティー・ロウ・プライス・ジャパン株式会社	20251114		20251114	年1回	非対象
20251007	追加	AW31225B	ティー・ロウ・プライス　キャピタル・アプリシエーション・ファンド　Ｂコース（為替ヘッジなし）	ティー・ロウ・プライス・ジャパン株式会社	20251114		20251114	年1回	非対象
20251008	追加	9K31225A	好利回り円債・短期戦略ファンド（年１回決算型）	マニュライフ・インベストメント・マネジメント株式会社	20251031		20251031	年1回	非対象
20251008	追加	9K31125A	好利回り円債・短期戦略ファンド（年４回決算型）	マニュライフ・インベストメント・マネジメント株式会社	20251031		20251031	四半期	非対象
20251016	追加	0431425A	ｉＦｒｅｅ　全世界株式インデックス（オール・カントリー）	大和アセットマネジメント株式会社	20251031		20251031	年1回	対象
20251017	追加	2931225B	ニッセイ・Ｓ米国グロース株式メガ１０インデックスファンド＜購入・換金手数料なし＞	ニッセイアセットマネジメント株式会社	20251104		20251104	年1回	非対象
20251020	追加	6431225A	ＳＭＴ　米国高配当＆自社株買いファンド（年４回決算型）	三井住友トラスト・アセットマネジメント株式会社	20251031		20251031	四半期	非対象
20251024	追加	AJ31325B	りそなゴールドファンド（為替ヘッジあり）	りそなアセットマネジメント株式会社	20251112		20251112	年1回	非対象
20251024	追加	AJ31225B	りそなゴールドファンド（為替ヘッジなし）	りそなアセットマネジメント株式会社	20251112		20251112	年1回	非対象
20251027	追加	48311183	ブラックロックＬｉｆｅＰａｔｈファンド２０３０	ブラックロック・ジャパン株式会社	20180309	20500802	20251101	年1回	非対象
20251027	追加	48312177	ブラックロックＬｉｆｅＰａｔｈファンド２０３５	ブラックロック・ジャパン株式会社	20170731	20550802	20251101	年1回	非対象
20251027	追加	48312183	ブラックロックＬｉｆｅＰａｔｈファンド２０４０	ブラックロック・ジャパン株式会社	20180309	20600802	20251101	年1回	非対象
20251027	追加	48311177	ブラックロックＬｉｆｅＰａｔｈファンド２０４５	ブラックロック・ジャパン株式会社	20170731	20650803	20251101	年1回	非対象
20251027	追加	48313183	ブラックロックＬｉｆｅＰａｔｈファンド２０５０	ブラックロック・ジャパン株式会社	20180309	20700804	20251101	年1回	非対象
20251027	追加	48311173	ブラックロックＬｉｆｅＰａｔｈファンド２０５５	ブラックロック・ジャパン株式会社	20170322	20750802	20251101	年1回	非対象
20251027	追加	48311202	ブラックロックＬｉｆｅＰａｔｈファンド２０６０	ブラックロック・ジャパン株式会社	20200206	20800802	20251101	年1回	非対象
20251027	追加	48312202	ブラックロックＬｉｆｅＰａｔｈファンド２０６５	ブラックロック・ジャパン株式会社	20200206	20850802	20251101	年1回	非対象
20251027	追加	4831124B	ブラックロックＬｉｆｅＰａｔｈファンド２０７０	ブラックロック・ジャパン株式会社	20241108	20900802	20251101	年1回	非対象
20251030	追加	6431125B	ブランデス欧州株ファンド	三井住友トラスト・アセットマネジメント株式会社	20251128	20461207	20251128	年1回	非対象
20251104	追加	4731925B	たわらノーロード　フォーカス　防衛・航空宇宙	アセットマネジメントＯｎｅ株式会社	20251128		20251128	年1回	非対象
20251110	追加	4731225B	たわらノーロード　米国物価連動国債（為替ヘッジあり）＜ラップ専用＞	アセットマネジメントＯｎｅ株式会社	20251112		20251112	年1回	非対象
20251110	追加	4731325B	たわらノーロード　米国物価連動国債（為替ヘッジなし）＜ラップ専用＞	アセットマネジメントＯｎｅ株式会社	20251112		20251112	年1回	非対象
20251110	追加	4731425B	たわらノーロード　米ドル建て社債（為替ヘッジあり）＜ラップ専用＞	アセットマネジメントＯｎｅ株式会社	20251112		20251112	年1回	非対象
20251110	追加	4731525B	たわらノーロード　米ドル建て社債（為替ヘッジなし）＜ラップ専用＞	アセットマネジメントＯｎｅ株式会社	20251112		20251112	年1回	非対象
20251110	追加	4731625B	たわらノーロード　米ドル建てハイイールド債券（為替ヘッジあり）＜ラップ専用＞	アセットマネジメントＯｎｅ株式会社	20251112		20251112	年1回	非対象
20251110	追加	4731725B	たわらノーロード　米ドル建てハイイールド債券（為替ヘッジなし）＜ラップ専用＞	アセットマネジメントＯｎｅ株式会社	20251112		20251112	年1回	非対象
20251110	追加	0231125B	スマート・ファイブ（年３．６％目標分配プラス・奇数月決算型）	アモーヴァ・アセットマネジメント株式会社	20251125		20251125	隔月	非対象
20251110	追加	0231225B	Ｔｒａｃｅｒｓ　日本国債ウルトラロング（３０年平均）年４回分配型	アモーヴァ・アセットマネジメント株式会社	20251126		20251126	四半期	非対象
20251113	追加	AL31125C	マネックス・ゴールド・ファンド	マネックス・アセットマネジメント株式会社	20251201		20251201	年1回	非対象
20251114	追加	3531225C	ＧＳ　Ｐｌｕｓ　ゴールド（為替ヘッジあり）	ゴールドマン・サックス・アセット・マネジメント株式会社	20251209		20251209	年1回	非対象
20251114	追加	3531325C	ＧＳ　Ｐｌｕｓ　ゴールド（為替ヘッジなし）	ゴールドマン・サックス・アセット・マネジメント株式会社	20251209		20251209	年1回	非対象
20251117	追加	9N31125C	コモンズ・グローバル３０ファンド	コモンズ投信株式会社	20251203		20251203	年1回	非対象
20251117	追加	8931125C	ＳＢＩ欧州高配当株式ファンド（年１回決算型）	ＳＢＩアセットマネジメント株式会社	20251205		20251205	年1回	非対象
20251118	追加	AF31125C	ニューバーガー・プライベート・エクイティ・ファンド	ニューバーガー・バーマン株式会社	20251219		20251219	年1回	非対象
20251119	追加	4031125B	パインブリッジ全世界厳選プレミア株式ファンド（資産成長型）	パインブリッジ・インベストメンツ株式会社	20251128	20501130	20251128	年2回	非対象
20251119	追加	4031225B	パインブリッジ全世界厳選プレミア株式ファンド（四半期決算型）	パインブリッジ・インベストメンツ株式会社	20251128	20501130	20251128	四半期	非対象
20251120	追加	3431125C	ＤＷＳ　ＡＩニューリーダーズ株式ファンド	ドイチェ・アセット・マネジメント株式会社	20251212		20251212	年1回	非対象
20251121	追加	5131125C	ＨＳＢＣ　グローバル・ターゲット利回り債券ファンド２０２５－１２（限定追加型）	ＨＳＢＣアセットマネジメント株式会社	20251201	20460215	20251201	年1回	非対象
20251127	追加	8931225C	ＳＢＩ　ダルトン日本アジア・アクティビストファンド	ＳＢＩアセットマネジメント株式会社	20251217		20251217	年1回	非対象
20251202	追加	6431325C	ＳＭＴ　欧州株式モメンタムファンド	三井住友トラスト・アセットマネジメント株式会社	20251216		20251216	年1回	非対象
20251202	追加	6431525C	ＳＭＴ　中国株式モメンタムファンド	三井住友トラスト・アセットマネジメント株式会社	20251216		20251216	年1回	非対象
20251202	追加	6431425C	ＳＭＴ　日本株式モメンタムファンド	三井住友トラスト・アセットマネジメント株式会社	20251216		20251216	年1回	非対象
20251202	追加	6431225C	ＳＭＴ　米国株式モメンタムファンド	三井住友トラスト・アセットマネジメント株式会社	20251216		20251216	年1回	非対象
20251202	追加	5131225C	ＨＳＢＣ　ユーロランド・バリュー株式ファンド（１年決算型）	ＨＳＢＣアセットマネジメント株式会社	20251229		20251229	年1回	非対象
20251208	追加	9W31225C	ちゅうぎん４資産バランスファンド＜株式重視型＞	中銀アセットマネジメント株式会社	20251223		20251223	年1回	対象
20251208	追加	9W31125C	ちゅうぎん４資産バランスファンド＜債券重視型＞	中銀アセットマネジメント株式会社	20251223		20251223	年1回	対象
20251209	追加	0431425C	ダイワ・ダイナミック・インド株ファンド（資産成長型）	大和アセットマネジメント株式会社	20251224	20461214	20251224	年1回	非対象
20251209	追加	0431325C	ダイワ金融新時代ファンド（資産成長型）	大和アセットマネジメント株式会社	20251224	20500516	20251224	年1回	非対象
20251216	追加	9I31116A	楽天ターゲットイヤー２０３０	楽天投信投資顧問株式会社	20161003		20251223	年1回	非対象
20251216	追加	9I31216A	楽天ターゲットイヤー２０４０	楽天投信投資顧問株式会社	20161003		20251223	年1回	非対象
20251216	追加	9I31316A	楽天ターゲットイヤー２０５０	楽天投信投資顧問株式会社	20161003		20251223	年1回	非対象
20251222	追加	47316261	インターナショナル・オポチュニティ・ファンド（為替ヘッジなし）	アセットマネジメントＯｎｅ株式会社	20260123	20461210	20260123	年1回	非対象
20251225	追加	04311261	ｉＦｒｅｅＨＯＬＤ　日本国債２０４５（３・９月定期分配型）	大和アセットマネジメント株式会社	20260109	20460110	20260109	年2回	非対象
20251225	追加	AE312261	あおぞら・　新グローバル・プレミアム・ファンド（当初漸増期間付、限定追加型）　２０２６－０１	あおぞら投信株式会社	20260130	20471021	20260130	年1回	非対象
20251226	追加	9I311261	楽天・ゴールド・ファンド（為替ヘッジあり）	楽天投信投資顧問株式会社	20260121		20260121	年1回	非対象
20251226	追加	9I312261	楽天・ゴールド・ファンド（為替ヘッジなし）	楽天投信投資顧問株式会社	20260121		20260121	年1回	非対象
20251226	追加	9I313261	楽天・プラチナ・ファンド（為替ヘッジなし）	楽天投信投資顧問株式会社	20260121		20260121	年1回	非対象
20251226	追加	29313261	ニッセイ／ＦＯＬＩＯ　ねらってそなえる日経２２５	ニッセイアセットマネジメント株式会社	20260130	20460215	20260130	年1回	非対象
20260107	追加	25311261	ゴール・サポート・ファンドＡコース	農林中金全共連アセットマネジメント株式会社	20260114		20260114	年1回	非対象
20260107	追加	25312261	ゴール・サポート・ファンドＢコース	農林中金全共連アセットマネジメント株式会社	20260114		20260114	年1回	非対象
20260107	追加	25313261	ゴール・サポート・ファンドＣコース	農林中金全共連アセットマネジメント株式会社	20260114		20260114	年1回	非対象
20260107	追加	25314261	ゴール・サポート・ファンドＤコース	農林中金全共連アセットマネジメント株式会社	20260114		20260114	年1回	非対象
20260107	追加	25315261	ゴール・サポート・ファンドＥコース	農林中金全共連アセットマネジメント株式会社	20260114		20260114	年1回	非対象
20260113	追加	04315261	ハイベータ日本株フォーカス・ファンド	大和アセットマネジメント株式会社	20260126	20460820	20260126	年1回	非対象
20260113	追加	39311261	アライアンス・バーンスタイン・世界（除く米国）優良株投信（年２回決算型）	アライアンス・バーンスタイン株式会社	20260130	20460620	20260130	年2回	非対象
20260115	変更	47317151	ＡＭＯ　Ｊ－ＲＥＩＴオープン（年２回決算型）	アセットマネジメントＯｎｅ株式会社	20150115		20240104	年2回	非対象
20260115	変更	4731223B	Ｏｎｅ　Ｊ－ＲＥＩＴインデックスファンド（隔月決算型）	アセットマネジメントＯｎｅ株式会社	20231116	20481015	20240104	隔月	非対象
20260115	変更	4731913A	Ｏｎｅ　Ｊ－ＲＥＩＴインデックスファンド（年１回決算型）	アセットマネジメントＯｎｅ株式会社	20131016	20481015	20240104	年1回	非対象
20260116	変更	4731107B	Ｏｎｅ新興市場日本株ファンド	アセットマネジメントＯｎｅ株式会社	20071129	20470417	20240104	年1回	非対象
20260120	追加	0931123A	米国好配当リバランスオープン（資産成長型）	ＳＢＩ岡三アセットマネジメント株式会社	20231025	20461024	20260124	年1回	非対象
20260120	追加	0931223A	米国好配当リバランスオープン（年４回決算型）	ＳＢＩ岡三アセットマネジメント株式会社	20231025	20461024	20260124	四半期	非対象
20260120	追加	17313262	ＪＰモルガン・米国ハイ・イールド債券ファンド（年１回決算・為替ヘッジあり）	ＪＰモルガン・アセット・マネジメント株式会社	20260220	20461218	20260220	年1回	非対象
20260120	追加	17311262	ＪＰモルガン・米国ハイ・イールド債券ファンド（年１回決算・為替ヘッジなし）	ＪＰモルガン・アセット・マネジメント株式会社	20260220	20461218	20260220	年1回	非対象
20260120	追加	17314262	ＪＰモルガン・米国ハイ・イールド債券ファンド（年４回決算・為替ヘッジあり）	ＪＰモルガン・アセット・マネジメント株式会社	20260220	20461218	20260220	四半期	非対象
20260120	追加	17312262	ＪＰモルガン・米国ハイ・イールド債券ファンド（年４回決算・為替ヘッジなし）	ＪＰモルガン・アセット・マネジメント株式会社	20260220	20461218	20260220	四半期	非対象
20260128	追加	03317262	三菱ＵＦＪ　日本短期債券オープン	三菱ＵＦＪアセットマネジメント株式会社	20260213		20260213	年1回	非対象
20260128	追加	58312262	（アムンディ・インデックスシリーズ）欧州・戦略的自律株	アムンディ・ジャパン株式会社	20260220		20260220	年1回	非対象
20260128	追加	58311262	（アムンディ・インデックスシリーズ）欧州株	アムンディ・ジャパン株式会社	20260220		20260220	年1回	非対象
20260205	変更	4731123A	ＡＭＯ　Ｊリートアクティブファンド（隔月決算型）	アセットマネジメントＯｎｅ株式会社	20231002	20440307	20240104	隔月	非対象
20260205	変更	47315138	Ｏｎｅ　Ｊ－ＲＥＩＴアクティブオープン年１回決算コース	アセットマネジメントＯｎｅ株式会社	20130801	20481105	20240104	年1回	非対象
20260206	変更	4731205C	Ｏｎｅパッシブ資産分散ファンド	アセットマネジメントＯｎｅ株式会社	20051228		20240104	隔月	非対象
20260206	追加	79311262	ジャパン・コンテンツＩＰ戦略株式ファンド	三井住友ＤＳアセットマネジメント株式会社	20260224		20260224	年1回	非対象
20260206	追加	89311263	ＳＢＩ　エネルギー・電力株式ファンド（年４　回決算型）　	ＳＢＩアセットマネジメント株式会社	20260312		20260312	四半期	非対象
20260209	追加	AJ311262	りそな　つみたてインカムバランスファンド	りそなアセットマネジメント株式会社	20260227		20260227	年1回	非対象
20260210	追加	09311262	ニュートン・量子技術関連株式ファンド	ＳＢＩ岡三アセットマネジメント株式会社	20260226	20460226	20260226	年2回	非対象
20260210	追加	79314263	マテリアル・イノベーション戦略株式ファンド（為替ヘッジあり）	三井住友ＤＳアセットマネジメント株式会社	20260313		20260313	年1回	非対象
20260210	追加	79315263	マテリアル・イノベーション戦略株式ファンド（為替ヘッジなし）	三井住友ＤＳアセットマネジメント株式会社	20260313		20260313	年1回	非対象
20260210	追加	17312263	ＪＰモルガン・グローバル・セレクト株式ファンド（為替ヘッジあり、年１回決算型）	ＪＰモルガン・アセット・マネジメント株式会社	20260327	20470326	20260327	年1回	非対象
20260210	追加	17314263	ＪＰモルガン・グローバル・セレクト株式ファンド（為替ヘッジあり、年４回決算型）	ＪＰモルガン・アセット・マネジメント株式会社	20260327	20470326	20260327	四半期	非対象
20260210	追加	17311263	ＪＰモルガン・グローバル・セレクト株式ファンド（為替ヘッジなし、年１回決算型）	ＪＰモルガン・アセット・マネジメント株式会社	20260327	20470326	20260327	年1回	非対象
20260210	追加	17313263	ＪＰモルガン・グローバル・セレクト株式ファンド（為替ヘッジなし、年４回決算型）	ＪＰモルガン・アセット・マネジメント株式会社	20260327	20470326	20260327	四半期	非対象
20260213	変更	47315066	Ｏｎｅ　６資産バランスファンド	アセットマネジメントＯｎｅ株式会社	20060612		20240104	隔月	非対象
20260213	変更	47319154	Ｏｎｅ　６資産バランスファンド（年１回決算型）	アセットマネジメントＯｎｅ株式会社	20150420	20480512	20240104	年1回	非対象
20260213	変更	47311074	Ｏｎｅ　ＶＩＰフォーカス・ファンド	アセットマネジメントＯｎｅ株式会社	20070427		20240104	年1回	非対象
20260213	変更	47312135	Ｏｎｅ新興企業日本株ファンド	アセットマネジメントＯｎｅ株式会社	20130521	20480515	20240104	年1回	非対象
20260217	追加	79311264	三井住友ＤＳ・ＦＯＬＩＯ・ＡＩマルチアセットファンド	三井住友ＤＳアセットマネジメント株式会社	20260407		20260407	年1回	非対象
20260227	追加	83312263	イーストスプリング・グローバル・ダイナミック株式ファンド（年２回決算型）	イーストスプリング・インベストメンツ株式会社	20260327		20260327	年2回	非対象
20260227	追加	58311263	アムンディ・インド・オールキャップ割安成長株ファンド	アムンディ・ジャパン株式会社	20260331		20260331	年1回	非対象
20260302	変更	47311156	Ｏｎｅベトナム株式ファンド	アセットマネジメントＯｎｅ株式会社	20150615	20450601	20240104	年1回	非対象
20260303	追加	47311263	たわらノーロード　フォーカス　米国超大型テクノロジー７	アセットマネジメントＯｎｅ株式会社	20260325		20260325	年1回	非対象
20260305	変更	47311089	Ｏｎｅ高格付インカム・オープン（１年決算コース）	アセットマネジメントＯｎｅ株式会社	20080929		20240104	年1回	非対象
20260305	追加	45313263	ＧＱＧダイナミック・ハイクオリティ株式ファンド（資産成長型）	ＳＯＭＰＯアセットマネジメント株式会社	20260327		20260327	年2回	非対象
20260309	追加	9Y311264	未来の光　米国小型株式ファンド	カレラアセットマネジメント株式会社	20260408	20560117	20260408	年2回	非対象
20260313	変更	47311082	ＯｎｅストラテジックＪ－ＲＥＩＴファンド	アセットマネジメントＯｎｅ株式会社	20080220	20480615	20240104	年2回	非対象
20260313	変更	47315239	Ｏｎｅ世界リートインデックスファンド（隔月分配型）	アセットマネジメントＯｎｅ株式会社	20230928	20440215	20240104	隔月	非対象
20260316	追加	02312264	グローバル金融株ファンド（１年決算型）	アモーヴァ・アセットマネジメント株式会社	20260423	20470415	20260423	年1回	非対象
20260318	追加	64311263	エキサイティング・コンテンツ関連　世界株式戦略ファンド	三井住友トラスト・アセットマネジメント株式会社	20260331	20470326	20260331	年1回	非対象
20260318	追加	45311264	ＨＳＢＣ中東株式厳選ファンド	ＳＯＭＰＯアセットマネジメント株式会社	20260427		20260427	年1回	非対象
20260324	追加	9I311264	グローバルＡＺボンドファンド	楽天投信投資顧問株式会社	20260410		20260410	年1回	非対象
20260324	追加	79311016	三井住友・ワールド・パッケージ・オープン	三井住友ＤＳアセットマネジメント株式会社	20010627		20260430	年1回	非対象
20260327	追加	47311264	たわらノーロード　読売３３３	アセットマネジメントＯｎｅ株式会社	20260401		20260401	年1回	非対象
20260327	追加	01311264	ノムラ・エマージング・オープン	野村アセットマネジメント株式会社	20260421		20260421	年2回	非対象
20260330	追加	29311264	ニッセイ・パワーテクノロジー株式ファンド（３ヵ月決算・予想分配金提示型）	ニッセイアセットマネジメント株式会社	20260415	20460713	20260415	四半期	非対象
20260331	変更	AK31117A	ＪＰ４資産均等バランス	ゆうちょアセットマネジメント株式会社	20171018		20240104	年1回	対象
20260331	変更	AK311162	ＪＰ４資産バランスファンド　安定コース	ゆうちょアセットマネジメント株式会社	20160218		20240104	隔月	非対象
20260331	変更	AK312162	ＪＰ４資産バランスファンド　安定成長コース	ゆうちょアセットマネジメント株式会社	20160218		20240104	隔月	非対象
20260331	変更	AK313162	ＪＰ４資産バランスファンド　成長コース	ゆうちょアセットマネジメント株式会社	20160218		20240104	隔月	非対象
20260331	変更	AK31116A	ＪＰ日米バランスファンド	ゆうちょアセットマネジメント株式会社	20161027		20240104	年2回	非対象
20260331	追加	45312264	グローバル・コモディティ・ファンド	ＳＯＭＰＯアセットマネジメント株式会社	20260420		20260420	年2回	非対象
